,Unnamed: 0,Target,Tweet,Unnamed: 3,Unnamed: 4,Label
0,1673,Hillary Clinton,RT GunnJessica Because I want young American women to be able to be proud of the st woman president SemST,FAVOR,OTHER,POSITIVE
1,1674,Hillary Clinton,Chris newsbusters years ago Hillary never answered whether she used private email Liberal media passed on reporting SemST,AGAINST,TARGET,NEGATIVE
2,1675,Hillary Clinton,dnewhauser take that Marco Rubio GOP can not pander to the Latino vote while pushing policies that hurt the community most SemST,NONE,OTHER,NEGATIVE
3,1676,Hillary Clinton,StateDept AmbCathyRussell AdamSmithUSA HillaryClinton HillaryforIA BarackObama The whole world is supporting you SemST,FAVOR,TARGET,POSITIVE
4,1677,Hillary Clinton,Lets remember dickcheney is an unindicted war criminal b we start yelling Benghazi day after day Will we ever see justice SemST,NONE,OTHER,NEGATIVE
5,1678,Hillary Clinton,Although I certainly have disagreements after reading about GovernorOMalley I much rather have him than HillaryClinton SemST,AGAINST,TARGET,NEITHER
6,1679,Hillary Clinton,Human rights are womens rights and womens rights are human rights Hillary Clinton SemST,FAVOR,TARGET,POSITIVE
7,1680,Hillary Clinton,Would you wan na be in a long term relationship with some bitch that hides her emails lies to your face Then Dontvote SemST,AGAINST,TARGET,NEGATIVE
8,1681,Hillary Clinton,Bill Clinton just wants to be the first dude to be President and bang one SemST,NONE,OTHER,NEGATIVE
9,1682,Hillary Clinton,HuffPostPol If HillaryClinton can do half of what he did then she would be doing is a favor SemST,FAVOR,TARGET,NEGATIVE
10,1683,Hillary Clinton,Ive made my decision to the shock of no one probably who Im supporting SemST,NONE,NO ONE,NEGATIVE
11,1684,Hillary Clinton,Didnt realize Bob Dole was mentioned in Tupacs How do u want it YesterdaysLeaders SemST,NONE,NO ONE,NEITHER
12,1685,Hillary Clinton,If I run for office this will be my original logo M libertynothillary HillNo tcot UniteBlue SemST,AGAINST,TARGET,NEITHER
13,1686,Hillary Clinton,I will be there when your little tree has run out of smell ThatChampion SemST,NONE,OTHER,NEGATIVE
14,1687,Hillary Clinton,crazy to think next up for the Oval Office is either going to be Hillary or a Republican SemST,AGAINST,TARGET,NEGATIVE
15,1688,Hillary Clinton,NACLA BrasilWire SOS OBAMA Who BarackObama Are you joking StopDilma StopLula StopForodeSaoPaulo SemST,NONE,OTHER,NEGATIVE
16,1689,Hillary Clinton,CheekyGent ChuckCJohnson Hey Hillary is on her to way to buy votes too HillarySoOld SemST,AGAINST,TARGET,NEGATIVE
17,1690,Hillary Clinton,RT NicolaSturgeon Its official Hillarys running for president says her campaign chief Excellent SemST,FAVOR,TARGET,POSITIVE
18,1691,Hillary Clinton,Only in a SEXIST AS FUK world would we question the qualifications of a former SECRETARY OF STATE SemST,FAVOR,TARGET,NEGATIVE
19,1692,Hillary Clinton,ChrisChristie could not run his way out of a paper bag let alone beat HillaryClinton Go home Chris u r drunk ChrisChristie SemST,FAVOR,TARGET,NEGATIVE
20,1693,Hillary Clinton,ReformedBroker to da honies gittin money playing bleep words like dummies POPPA SemST,NONE,OTHER,NEGATIVE
21,1694,Hillary Clinton,Forgive CherylRios of her stupid comments about women being president She will blame it on that time of the month anyways SemST,NONE,OTHER,NEGATIVE
22,1695,Hillary Clinton,Low key it would be interesting to have a female president SemST,FAVOR,TARGET,POSITIVE
23,1696,Hillary Clinton,seanhannity we lost of our Military boys when your President pulled out of Iraq LiberalConsequences SemST,AGAINST,OTHER,NEGATIVE
24,1697,Hillary Clinton,EthanObama I know its just going to be a long year SemST,NONE,NO ONE,NEGATIVE
25,1698,Hillary Clinton,Technically a president with raging hormones could refer to estrogen testosterone or anabolic steroids IBlamePublicSchools SemST,AGAINST,TARGET,NEGATIVE
26,1699,Hillary Clinton,Does Hillary really need to run this country Could we just make her president of the Bingo club at Shady Pines tcot p SemST,AGAINST,TARGET,NEGATIVE
27,1700,Hillary Clinton,Lol why do so many people around here hate Hillary SemST,FAVOR,TARGET,NEGATIVE
28,1701,Hillary Clinton,HillaryClinton is at the top and has spent her whole career growing government keeping the deck stacked LibertyNotHillary SemST,AGAINST,TARGET,NEGATIVE
29,1702,Hillary Clinton,Problem with libertarian is its not even a decreed party A house devided against itself will not stand think this news to SemST,NONE,OTHER,NEGATIVE
30,1703,Hillary Clinton,HillaryClinton i am portuguese and i support your campaign Best luck The world need a person and a women like you USA SemST,FAVOR,TARGET,POSITIVE
31,1704,Hillary Clinton,Hillary Clinton for Ambassador to ISIS SemST,AGAINST,TARGET,NEGATIVE
32,1705,Hillary Clinton,So when all you brave patriots stop Hillary who you going to replace her with Jeb Bush LOL losers SemST,FAVOR,TARGET,NEGATIVE
33,1706,Hillary Clinton,Im a woman Can I be President StopHillaryPAC SemST,AGAINST,TARGET,NEGATIVE
34,1707,Hillary Clinton,This is not her first time at the rodeo HillaryClinton doesnt care who likes her or not This woman is on a mission Tough SemST,FAVOR,TARGET,POSITIVE
35,1708,Hillary Clinton,lajouetreine KarrattiPaul Im not a Genitalian SemST,NONE,NO ONE,NEGATIVE
36,1709,Hillary Clinton,Wondering what the NEXT idiotic GOP smear against HillaryClinton will be Its coming for sure Just do not know details yet SemST,FAVOR,TARGET,NEGATIVE
37,1710,Hillary Clinton,Hillary is killing it so far on the trail Shes finally showing her personal side and I think it will benefit her profoundly SemST,FAVOR,TARGET,POSITIVE
38,1711,Hillary Clinton,Do we call Bill Mr Presidentthe first st man of Or mr president the st man Lol imreadyforhillary SemST,FAVOR,TARGET,POSITIVE
39,1712,Hillary Clinton,gailtalk trscoop Of course it was Shell be handled every step of the way They can not risk her unscripted SemST,AGAINST,TARGET,NEGATIVE
40,1713,Hillary Clinton,I just want my dog to stop eating the trash SemST,NONE,OTHER,NEGATIVE
41,1714,Hillary Clinton,thehill evanperez are you kidding meleave her to focus on issuesthe next prez SemST,FAVOR,TARGET,NEGATIVE
42,1715,Hillary Clinton,Congratulations HillaryClinton on entering the race for President You have the support of Jews all over the world SemST,FAVOR,TARGET,POSITIVE
43,1716,Hillary Clinton,HillaryClinton had more twitter followers then all four major Republican candidates Bush Rubio Paul Cruz COMBINED SemST,FAVOR,TARGET,POSITIVE
44,1717,Hillary Clinton,HillaryClinton has yet to release ClintonFdn donors Public deserves disclosure Scandals lies Clintons SemST,AGAINST,TARGET,NEGATIVE
45,1718,Hillary Clinton,I want to go back in time to when men and women could not appear in the same yearbook as each other old school SemST,NONE,OTHER,NEGATIVE
46,1719,Hillary Clinton,RT halerazorHillaryAccomplishments of select few people fired being unethical investigate Watergate SemST,AGAINST,TARGET,NEGATIVE
47,1720,Hillary Clinton,How can she live with herself Benghazi SemST,AGAINST,TARGET,NEGATIVE
48,1721,Hillary Clinton,Marriage equality a constitutional right Woot HRC hillaryclinton readyforhillary vote hillaryfor mpotus SemST,FAVOR,TARGET,POSITIVE
49,1722,Hillary Clinton,Hillary needs to go to a Sheetz gas station after pm to see the real America SemST,AGAINST,TARGET,NEGATIVE
50,1723,Hillary Clinton,Hillarys campaign events are scripted dog pony shows designed to shelter her from vetting b the coronation SemST,AGAINST,TARGET,NEGATIVE
51,1724,Hillary Clinton,Yes do tell US name one of her accomplishments SemST,AGAINST,TARGET,NEGATIVE
52,1725,Hillary Clinton,Apparently putting cocaine in someones butthole and then waiting for them to fart in your face is the wrong way to get high SemST,NONE,NO ONE,NEGATIVE
53,1726,Hillary Clinton,Why is Hillary lying AGAIN about something news worthy Whats news worthy is if she doesnt lie about something SemST,AGAINST,TARGET,NEGATIVE
54,1727,Hillary Clinton,Chipotle employees should not complain Hillary left nothing in the tip jar Theyre lucky she did not dip in and help herself SemST,AGAINST,TARGET,NEGATIVE
55,1728,Hillary Clinton,Bluesaloon Women are not a demographic we are at least of the nation So a woman is no more symbolic than a man SemST,NONE,NO ONE,NEGATIVE
56,1729,Hillary Clinton,Sending u gay bear love from Chicago HillaryClinton HillaryMyPresident SemST,FAVOR,TARGET,POSITIVE
57,1730,Hillary Clinton,I love the smell of Hillary in the morning It smells like Republican Victory TedCruz MarcoRubio SemST,AGAINST,TARGET,NEGATIVE
58,1731,Hillary Clinton,ProBirdRights I do a stump speech It on the stump in the park attendance mandatory SemST,NONE,NO ONE,NEITHER
59,1732,Hillary Clinton,Id still rather have Aaron Hernandez as President than Hillary SemST,AGAINST,TARGET,NEITHER
60,1733,Hillary Clinton,JSavoly tedcruz Here ya go teddy boythe world is getting HOTTER Its called GLOBAL WARMING Youre such a PUTZ SemST,NONE,OTHER,NEGATIVE
61,1734,Hillary Clinton,JusticeWillett at least he has a platform SemST,NONE,OTHER,POSITIVE
62,1735,Hillary Clinton,Because Im against common core common crooks and common lies NoHillary StopHillaryClinton WhyImNotVotingForHillary SemST,AGAINST,TARGET,NEGATIVE
63,1736,Hillary Clinton,I would LMAO if some negro Democrat decides to run for President HillaryClinton HillarysBigAnnouncement HillarysDonors SemST,AGAINST,TARGET,NEGATIVE
64,1737,Hillary Clinton,senna KirillWasHere how many men are getting their dicks sucked daily in congress etc and no one gives a shit SemST,NONE,OTHER,NEGATIVE
65,1738,Hillary Clinton,You can not grow an economy from the bottom up If she gets in were ALL in trouble SemST,AGAINST,TARGET,NEGATIVE
66,1739,Hillary Clinton,HillaryClinton Stop raising taxes and let people keep more of their wages LibertyNotHillary StandWithRand SemST,AGAINST,TARGET,NEGATIVE
67,1740,Hillary Clinton,theblaze If you think Hillary is not taking foreign money from Muslim brotherhood you probably favor Obama as chief justice SemST,AGAINST,TARGET,NEGATIVE
68,1741,Hillary Clinton,Fixing Americas political system by getting rid of unaccountable money and Protecting the country SemST,NONE,OTHER,POSITIVE
69,1742,Hillary Clinton,marijuana marijuaage equality coincidence i think nOT SemST,NONE,OTHER,NEGATIVE
70,1743,Hillary Clinton,KoriWasinger JButtawipo she also voted for the Iraq war and was responsible for gathering TheDemocrats votes to support it SemST,AGAINST,TARGET,NEGATIVE
71,1744,Hillary Clinton,Ding Dong SemST,NONE,NO ONE,NEITHER
72,1745,Hillary Clinton,RT MaxTollensJr Onepercenter lied about being DeadBroke No more lies NO to SemST,NONE,OTHER,NEGATIVE
73,1746,Hillary Clinton,SLessard agree We need a woman like Hillary that can help this country get nursed back together SemST,FAVOR,TARGET,POSITIVE
74,1747,Hillary Clinton,Much like you good people I forgot about my livetweetingbladerunner a couple weeks ago callback potroast cartography blue SemST,NONE,OTHER,POSITIVE
75,1748,Hillary Clinton,RandPaul HillaryClinton you could never dream to be as intelligent as she is SemST,FAVOR,TARGET,NEGATIVE
76,1749,Hillary Clinton,If Hillary will lock Americans in classrooms during her campaign shell have no problems locking us all up whenever she wants SemST,AGAINST,TARGET,NEGATIVE
77,1750,Hillary Clinton,WhyImNotVotingForHillary she calls education a nonfamily enterprise ImCommittedDefeatHillary Are you ncpol GOP SemST,AGAINST,TARGET,NEGATIVE
78,1751,Hillary Clinton,bristola AlciniaH Mahogany stphil MzDivah ProgressOhio graceslick AuntLulie deejayedee He cool but NO SemST,NONE,NO ONE,NEGATIVE
79,1752,Hillary Clinton,JeffNichols HillaryforIA freedomjusticeequalityeducation for innovation and development to make happylife in Utopia SemST,FAVOR,TARGET,POSITIVE
80,1753,Hillary Clinton,WhiteHouse BarackObama HillaryforIA BarackObama The whole world is supporting you SemST,FAVOR,TARGET,POSITIVE
81,1754,Hillary Clinton,HillaryClinton Especially the paid union lackies who have no idea why their there Propaganda machine spinning overtime SemST,AGAINST,TARGET,NEGATIVE
82,1755,Hillary Clinton,HillaryClinton The deceit hand Thats a hand you know well Right SemST,AGAINST,TARGET,NEGATIVE
83,1756,Hillary Clinton,AlyssSmithh There she is pant suite Hillary to hide those thighs HillarysDonors HillarysBigAnnouncement Benghazi Obama SemST,AGAINST,TARGET,NEGATIVE
84,1757,Hillary Clinton,HillaryClinton will pick SenWarren for VP Mark my tweet UnstoppableTicket ElizabethWarren SemST,FAVOR,TARGET,POSITIVE
85,1758,Hillary Clinton,Im going to apply for the Intern job SemST,NONE,NO ONE,POSITIVE
86,1759,Hillary Clinton,TX politicalmath Then you know how slippery snakes slither over shards of glass SemST,NONE,OTHER,NEGATIVE
87,1760,Hillary Clinton,drhouse Be interesting to see how Hillary defends same when questioned She will eventually have to answer questions SemST,AGAINST,TARGET,NEGATIVE
88,1761,Hillary Clinton,HillaryClinton Whats the ambient temperature in Hell today Use that as a guide SemST,AGAINST,TARGET,NEGATIVE
89,1762,Hillary Clinton,Gov Chafee why are you trying to make fetch happen Its not going to happen SemST,NONE,OTHER,NEGATIVE
90,1763,Hillary Clinton,everydaysexism Only ATikSalt may say what sexism is The rest of yall shut up SemST,NONE,OTHER,NEGATIVE
91,1764,Hillary Clinton,tjhansen owillis serious if trump runs youll get a trump tattoo Calling the Donald SemST,NONE,NO ONE,NEGATIVE
92,1765,Hillary Clinton,Everything abt HillaryClinton is BOGUS Her issues her history her Iowa trip her Twitter followers her campaigning SemST,AGAINST,TARGET,NEGATIVE
93,1766,Hillary Clinton,hillaryclinton is a champion of data removal SemST,AGAINST,TARGET,NEGATIVE
94,1767,Hillary Clinton,FoundersGirl ArtistAngie I want the first female to be competent SemST,AGAINST,TARGET,POSITIVE
95,1768,Hillary Clinton,Saudi Arabia imprisons flogs rape victims Womens champion HillaryClinton has accepted MILLIONS from Saudi govt tcot SemST,AGAINST,TARGET,NEGATIVE
96,1769,Hillary Clinton,How much was Monica getting paid when Bills burrito squirted sauce all over her pretty blue dress MauraReynolds politico SemST,AGAINST,OTHER,NEGATIVE
97,1770,Hillary Clinton,Go watch America Imagine A World Without Her Itll make you realize how lucky we are to live in the best country on Earth SemST,NONE,OTHER,POSITIVE
98,1771,Hillary Clinton,I suspect Hillarys Scooby Doo tour is being used as a distraction from ServerGate et al NoObamaThirdTerm SemST,AGAINST,TARGET,NEGATIVE
99,1772,Hillary Clinton,Breaking News Hillary trades campaign bus for a broomstick SemST,AGAINST,TARGET,NEGATIVE
100,1773,Hillary Clinton,SoCaliMilitia CzarofFreedom That God for global warming melting icebergs never gets prosecuted for her crimes Liberals SemST,AGAINST,TARGET,NEGATIVE
101,1774,Hillary Clinton,Nothing says Im Every Woman like Democrat staffers in a machine shop in Iowa right HillaryClinton NotReadyForHillary SemST,AGAINST,TARGET,NEGATIVE
102,1775,Hillary Clinton,Id love for some reporter to ask Sec Clinton will u b returning the White House china if elected Or did u already hock it SemST,AGAINST,TARGET,NEGATIVE
103,1776,Hillary Clinton,Very simple the Clintons are corrupt SemST,AGAINST,TARGET,NEGATIVE
104,1777,Hillary Clinton,CaptYonah thehill Fine unethical or illegal quid pro quo uranium deal works for me SemST,NONE,OTHER,NEGATIVE
105,1778,Hillary Clinton,ConservatveGurl those of us that also have a brain will be voting against Hillary SemST,AGAINST,TARGET,NEGATIVE
106,1779,Hillary Clinton,LifeNewsHQ tolerance at its best Do as I say not as I do SemST,NONE,OTHER,NEGATIVE
107,1780,Hillary Clinton,Chris TruthRevolt That doesnt leave much to talk about then does it SemST,NONE,NO ONE,NEGATIVE
108,1781,Hillary Clinton,Im thinking Hillary throws Chelsea under the bus to end Foundation firestorm ClintonCash TheGreaterGood election SemST,AGAINST,TARGET,NEGATIVE
109,1782,Hillary Clinton,FoxNews HappeningNow optics problem No the real Hillary Clinton has stood up ClintonCash IaVotes SemST,AGAINST,TARGET,NEGATIVE
110,1783,Hillary Clinton,HillaryClinton You can run but you cat hide ClintonFoundationscandal ClintonCash emailgate SemST,AGAINST,TARGET,NEGATIVE
111,1784,Hillary Clinton,In case of Emergency Push THIS BUTTON to scrub server SemST,NONE,NO ONE,NEITHER
112,1785,Hillary Clinton,Great to see my mentor RepSusanDavis at DCinSD And shes right we have the most qualified candidate ever running for POTUS SemST,FAVOR,TARGET,POSITIVE
113,1786,Hillary Clinton,BarackObama Lovepeace and peaceful coexistence of all no to violence and terrorism SemST,NONE,OTHER,POSITIVE
114,1787,Hillary Clinton,readyforHRC HillaryClinton Support encourage HillaryClinton president UnitedStates world is success of women in world SemST,FAVOR,TARGET,POSITIVE
115,1788,Hillary Clinton,I bet Leslie Knope would be so happy about SemST,FAVOR,TARGET,POSITIVE
116,1789,Hillary Clinton,Also the speaking fees Hillary took from Goldman Sachs for two speeches JoanVennochi SemST,AGAINST,TARGET,NEGATIVE
117,1790,Hillary Clinton,readyforHRC Support encourage HillaryClinton president UnitedStates world is success of women in world SemST,FAVOR,TARGET,POSITIVE
118,1791,Hillary Clinton,NatureGuy MaryMorientes Support encourage HillaryClinton president UnitedStates world is success of women in world SemST,FAVOR,TARGET,POSITIVE
119,1792,Hillary Clinton,rebeccalipson freedomjusticeequalityeducation for innovation and development to make happylife i Utopia SemST,NONE,OTHER,POSITIVE
120,1793,Hillary Clinton,Before leaving my dads I took the liberty in framing and put up the pictures he has meeting Hillary and Bill Clinton in SemST,FAVOR,NO ONE,POSITIVE
121,1794,Hillary Clinton,HillarysAccomplishments Being a total clusterfuck at anything she does ReadyForHillary UniteBlue TopProg TPOT LibCrib SemST,AGAINST,TARGET,NEGATIVE
122,1795,Hillary Clinton,RT ChuckNellis HillaryClinton name change its no longer HRC its now Hillary Uranium Benghazi Clinton Take note SemST,AGAINST,TARGET,NEGATIVE
123,1796,Hillary Clinton,Hillary is on her way to Baltimore to be their champion BaltimoreRiots SemST,FAVOR,TARGET,NEGATIVE
124,1797,Hillary Clinton,take faith that almost every political entity around you whether dissident or not serves no good purpose Dempublicans SemST,AGAINST,OTHER,NEGATIVE
125,1798,Hillary Clinton,You do not have to be a lawyer to know the Clintons violated ethics rules SemST,AGAINST,TARGET,NEGATIVE
126,1799,Hillary Clinton,Xxoax HillaryClinton MaryMorientes BarackObama The whole world is supporting you SemST,FAVOR,TARGET,POSITIVE
127,1800,Hillary Clinton,HillaryClinton freedomjusticeequalityeducation for innovation and development to make happylife i Utopia SemST,FAVOR,TARGET,POSITIVE
128,1801,Hillary Clinton,So ClintonFdn I believe Andrew Fastow beat you to the we made mistakes as many organizations of our size do excuse SemST,AGAINST,TARGET,NEGATIVE
129,1802,Hillary Clinton,Im years old and care about politics and elections I feel like Im years old SemST,NONE,OTHER,NEGATIVE
130,1803,Hillary Clinton,HillaryClinton I notice that you did not condemn the lawless actions of the rioters SemST,AGAINST,TARGET,NEGATIVE
131,1804,Hillary Clinton,Obama climate change or bush Who to blame Hillary right wing conspiracy in Baltimore BalitmoreRiots SemST,AGAINST,TARGET,NEGATIVE
132,1805,Hillary Clinton,Wasnt the original ScoobyVan also full of unemployed hippies a stupid dog who lived to meddle in other peoples business SemST,AGAINST,TARGET,NEGATIVE
133,1806,Hillary Clinton,In Clinton Foundation collected M and spent M on direct aid in they raised M and spent M on direct aid SemST,AGAINST,TARGET,NEGATIVE
134,1807,Hillary Clinton,Students of BaylorUniversity are yall ready for MarcoRubio in BU Baylor Bears BaylorBears NewAmericanCentury GOP SemST,AGAINST,OTHER,POSITIVE
135,1808,Hillary Clinton,ChelseaClinton HRC Do you stand for BillClinton assaulting teen girls too ReadyForHillary HillaryClinton Clinton SemST,AGAINST,TARGET,NEGATIVE
136,1809,Hillary Clinton,Hey TexasState Bobcats I hope yall are ready for MarcoRubio TexasStateUniversity NewAmericanCentury Texas TCOT SemST,NONE,OTHER,POSITIVE
137,1810,Hillary Clinton,The only thing that I would pay money for is to hear Hillary Clinton say I QUIT and Im GUILTY that would be worth millions SemST,AGAINST,TARGET,NEGATIVE
138,1811,Hillary Clinton,Hillary Clinton keeps sending me emails and when I try to unsubscribe I get an error message THIS IS CANCER SemST,AGAINST,TARGET,NEGATIVE
139,1812,Hillary Clinton,HillaryClinton BarackObama The whole world is supporting you SemST,FAVOR,TARGET,POSITIVE
140,1813,Hillary Clinton,Denial It works for Hillary why not the Mayor of Baltimore DemocratLiesMatter SemST,AGAINST,TARGET,NEGATIVE
141,1814,Hillary Clinton,Join the Twitter movement RT or fav for a mention or follow back SemST,NONE,NO ONE,POSITIVE
142,1815,Hillary Clinton,Wow RT greta Baltimore Orioles to play tomorrow but no public allowed BaltimoreRiots FreddieGray ThanksObama WakeUpAmerica SemST,NONE,OTHER,NEGATIVE
143,1816,Hillary Clinton,Spoke to HillaryClinton today in NYC Wow So smart and impressive SemST,FAVOR,TARGET,POSITIVE
144,1817,Hillary Clinton,HillaryClinton Says the millionaire politician who accepts from countries that execute gays Hypocrite WakeUpAmerica SemST,AGAINST,TARGET,NEGATIVE
145,1818,Hillary Clinton,BernieSanders is running for president do not the democrats already have one really old guy running SemST,AGAINST,OTHER,NEGATIVE
146,1819,Hillary Clinton,days until I can register to vote year days until Election Day RockTheVote democrats everyvotecounts SemST,FAVOR,TARGET,POSITIVE
147,1820,Hillary Clinton,THEYRE NOT THUGS YOU TEAPARTY RACISTS THEY ARE COMMUNITY REORGANIZERS TCOT baltimoreriots SemST,NONE,OTHER,NEGATIVE
148,1821,Hillary Clinton,Hillary will get past the primaries cause Dem voters do not think she can do any wrong But she will be beat in November SemST,AGAINST,TARGET,NEGATIVE
149,1822,Hillary Clinton,HillaryClinton loving the new colorful profile pic loveit SemST,FAVOR,TARGET,POSITIVE
150,1823,Hillary Clinton,HillaryClinton Did your rich Saudi donors who execute gays join the team Hypocrite WakeUpAmerica SemST,AGAINST,TARGET,NEGATIVE
151,1824,Hillary Clinton,Also I finally moved to FDCITY today Will be much easier to get around going forward moving SemST,NONE,OTHER,POSITIVE
152,1825,Hillary Clinton,I think I am going to vote for Monica Lewinskys Ex boyfriends Wife SemST,FAVOR,TARGET,NEGATIVE
153,1826,Hillary Clinton,And the working american tax payer keeps on paying for the unethical liberals who want to destroy this great country of ours SemST,AGAINST,TARGET,NEGATIVE
154,1827,Hillary Clinton,Hillary Clinton vs Bernie Sanders primary will be like the brawl over applesauce at the retirement home ReadyForHillary SemST,FAVOR,TARGET,NEGATIVE
155,1828,Hillary Clinton,Too many women in too many countries speak the same language Í¢î of silence HILLARY CLINTON HillaryCliton HillaryWomen SemST,FAVOR,TARGET,NEGATIVE
156,1829,Hillary Clinton,Too many women in too many countries speak the same language of silence HILLARY CLINTON HillaryCliton HillaryWomen SemST,FAVOR,TARGET,POSITIVE
157,1830,Hillary Clinton,Always aim highwork hard care deeply about what U believe inwhen U stumble keep faith HILLARY CLINTON FaithHillary SemST,FAVOR,TARGET,POSITIVE
158,1831,Hillary Clinton,Its time that we move from good words good works from sound bites sound solutions HILLARY CLINTON HillaryClinton SemST,FAVOR,TARGET,POSITIVE
159,1832,Hillary Clinton,TheDemocrats DNCWomen Im down to help for election SemST,FAVOR,TARGET,POSITIVE
160,1833,Hillary Clinton,How many poor kids could billion feed SemST,NONE,OTHER,NEGATIVE
161,1834,Hillary Clinton,Norsu secret Clinton docs gee WHAT a surprise SemST,AGAINST,TARGET,NEGATIVE
162,1835,Hillary Clinton,Too far realDonaldTrump Thats just too fucking far BaltimoreUprising Obama SemST,NONE,OTHER,NEGATIVE
163,1836,Hillary Clinton,Hillary Clinton makes Nixon look like an amateur schoolboy ClintonCash ClintonFoundation Clinton SemST,AGAINST,TARGET,NEGATIVE
164,1837,Hillary Clinton,thehill MamaHillary is making the case here just exclusively how to deal with complex social issues cnn bbc Mamaclinton SemST,FAVOR,TARGET,POSITIVE
165,1838,Hillary Clinton,GoldenTalon johnmanko CassandraRules On the contrary I am happy she will win I enjoy seeing Liberal cities burn GO SemST,FAVOR,TARGET,NEGATIVE
166,1839,Hillary Clinton,Whoever is up now let it be known that support for MarcoRubio never sleeps We promote the NewAmericanCentury Texas TX SemST,AGAINST,OTHER,POSITIVE
167,1840,Hillary Clinton,Slate This is why Rand Paul will never be POTUS BaltimoreUprising SemST,NONE,OTHER,NEGATIVE
168,1841,Hillary Clinton,PoliAna No shes got the BlackLivesMatter vote wo even talking to them Most blacks are brainwashed by TheDemocrats SemST,AGAINST,TARGET,NEGATIVE
169,1842,Hillary Clinton,If youre not watching HillaryClintons speech right now youre missing her drop tons of wisdom SemST,FAVOR,TARGET,POSITIVE
170,1843,Hillary Clinton,A proper introduction of Hillary Clinton should begin with five words Will the defendant please rise WhyImNotVotingForHillary SemST,AGAINST,TARGET,NEGATIVE
171,1844,Hillary Clinton,YES Community policing is answer to rebuilding trust in our communities between law enforcement and the people they serve SemST,NONE,OTHER,POSITIVE
172,1845,Hillary Clinton,Dont get it twisted A major presidential candidate using her first policy speech to talk about mass incarcertaion SemST,AGAINST,TARGET,NEGATIVE
173,1846,Hillary Clinton,Hillaryspeak campaign rhetoric is going to be the death of me jmarkwalk SemST,AGAINST,TARGET,NEGATIVE
174,1847,Hillary Clinton,HillaryClinton A Rainbow logo Did u know only of the US is gay Census WhyImNotVotingForHillary SemST,AGAINST,TARGET,NEGATIVE
175,1848,Hillary Clinton,Saw a bit of HillaryClinton s speech I was proud to hear her plans for policy improvements in our justice system Thanks SemST,FAVOR,TARGET,POSITIVE
176,1849,Hillary Clinton,Anomaly Im confident that will piss off a few white AngloSaxon Protestants Keep talking Jeb SemST,NONE,OTHER,NEGATIVE
177,1850,Hillary Clinton,Upworthy HillaryClinton It should be illegal for an employer to discriminate against their workers EqualityForAll SemST,FAVOR,TARGET,NEGATIVE
178,1851,Hillary Clinton,A bodycam on every cop private servers for Cabinet Secretaries SemST,NONE,OTHER,NEGATIVE
179,1852,Hillary Clinton,JohnKerry BALWANIKAPIL HillaryClinton StateDept tomperriello I did not realize PayToPlayDiplomacy was such a big hit SemST,AGAINST,TARGET,NEGATIVE
180,1853,Hillary Clinton,VRWCTexan WOW shes one to talk SemST,AGAINST,TARGET,NEGATIVE
181,1854,Hillary Clinton,RT FutureTXLeader Are yall at UTEP ready for MarcoRubio in Miners LadyMiners UniversityOfTexasElPaso Rubio New SemST,NONE,OTHER,POSITIVE
182,1855,Hillary Clinton,RT FutureTXLeader Are yall TexasTech RedRaiders ready for MarcoRubio in TTU TexasTechUniversity Rubio Texas N SemST,AGAINST,OTHER,POSITIVE
183,1856,Hillary Clinton,RT FutureTXLeader Who in CorpusChristi is ready for MarcoRubio in Hooks CC Texas TX KeepTexasRed GOP Tea SemST,AGAINST,TARGET,POSITIVE
184,1857,Hillary Clinton,Ive been doing my reading and I do have to to say Im wildly impressed by Hillary Clinton SemST,FAVOR,TARGET,POSITIVE
185,1858,Hillary Clinton,zacharyebell Thank you the follow God bless you and those you love God bless America may she always be the land of the free SemST,NONE,NO ONE,POSITIVE
186,1859,Hillary Clinton,BarackObama thanks for selling out all the workers who voted for you for pushing FastTrack sellout SemST,NONE,OTHER,NEGATIVE
187,1860,Hillary Clinton,As late as HillaryClinton opposed marriage equality SemST,AGAINST,TARGET,NEGATIVE
188,1861,Hillary Clinton,thehill all the more reason to vote Democrat in ACAworks GetMoneyOut RestoreTheVRA Bernie waronpoverty SemST,FAVOR,OTHER,POSITIVE
189,1862,Hillary Clinton,RT GlennHegar Follow if you stand against Hillary in SemST,AGAINST,TARGET,POSITIVE
190,1863,Hillary Clinton,I can vote in after all ayyyyyyyyyy SemST,NONE,OTHER,POSITIVE
191,1864,Hillary Clinton,jstines WoodenThreat Open mouth reveal heartMargaret Sangerarchitect for black genocide larryelder TheFive HillarySoWhite SemST,AGAINST,TARGET,NEGATIVE
192,1865,Hillary Clinton,Im still so happy my voter ID came in the mail SemST,NONE,OTHER,POSITIVE
193,1866,Hillary Clinton,Great convo last night w schoolbussoul zaksteib Great connections in Waverly on my turf FellowsIA CommitToCaucus SemST,NONE,OTHER,POSITIVE
194,1867,Hillary Clinton,HillaryClinton is hiring Monsanto lawyers to help her become President The next president should not be aided by Monsanto SemST,AGAINST,TARGET,NEGATIVE
195,1868,Hillary Clinton,marymorientes Love it It happens in my world too SemST,NONE,OTHER,POSITIVE
196,1869,Hillary Clinton,Froquesha u get me that book yea SemST,NONE,NO ONE,NEITHER
197,1870,Hillary Clinton,RT putterrod IngrahamAngle Republicans everywhere are looking for someone to lead A leader not a liar SemST,AGAINST,TARGET,NEGATIVE
198,1871,Hillary Clinton,This weekend is the Hillary For America Weekend of Action I hope youll participate L California SemST,FAVOR,TARGET,POSITIVE
199,1872,Hillary Clinton,Its good that after years in public service with zero accomplishments Hillary is finally ready serve the public Lolol SemST,AGAINST,TARGET,NEGATIVE
200,1873,Hillary Clinton,Were out here in Gtown and where are you sctweets SemST,NONE,NO ONE,NEITHER
201,1874,Hillary Clinton,jstines bcwilliams Stephens begged for his life HillaryClinton MadamPresident is begging for ur vote NotAChanceInHell SemST,AGAINST,TARGET,NEGATIVE
202,1875,Hillary Clinton,RT spanglishpop Thanks GOP keep sending in the clowns It makes this upcoming election very entertaining latinos Rock SemST,NONE,OTHER,NEGATIVE
203,1876,Hillary Clinton,ThingsYouDontSayAsAPolitician I do not feel no ways tired Go to the back of the line What difference does it make SemST,NONE,OTHER,NEGATIVE
204,1877,Hillary Clinton,Laughing at the Republican Party The BEST they can offer is DonaldTrump and JebBush HillaryClinton has got this SemST,FAVOR,TARGET,NEGATIVE
205,1878,Hillary Clinton,Temp icedecay BrooklynJuggler classicmouth In this context to all practical extents and purposes It means SemST,NONE,OTHER,NEITHER
206,1879,Hillary Clinton,Just met an awesome supporter on the CX bus He said Hillary is one strong woman and we need that for our country FellowsNV SemST,FAVOR,TARGET,POSITIVE
207,1880,Hillary Clinton,Hilary has lied deleted Benghazi emails and betrayed the trust of Americans scandal after scandal SemST,AGAINST,TARGET,NEGATIVE
208,1881,Hillary Clinton,Hillary has lied deleted Benghazi emails and betrayed the trust of Americans scandal after scandal SemST,AGAINST,TARGET,NEGATIVE
209,1882,Hillary Clinton,In high school decided to be the first woman president in but I never got into politics do not have Trumps money SemST,NONE,OTHER,NEGATIVE
210,1883,Hillary Clinton,Thanks izzybugatti for participating WE are lucky to have YOU here in Iowa FellowsIA SemST,NONE,OTHER,POSITIVE
211,1884,Hillary Clinton,jilevin strumpetcity Yes You make me proud Socialism is the answer which leads to communism We will succeed SemST,NONE,OTHER,POSITIVE
212,1885,Hillary Clinton,GOP Obamacare stays and the Confederate flag goes You guys have had quite the shitty week have not you SemST,NONE,OTHER,NEGATIVE
213,1886,Hillary Clinton,Come visit me at the Jefferson County Fair Representative Curt Hanson will tell a joke and Ill tell a story about why vote SemST,NONE,NO ONE,POSITIVE
214,1887,Hillary Clinton,Im proud to announce I support HillaryClinton SemST,FAVOR,TARGET,POSITIVE
215,1888,Hillary Clinton,Excited to be working with some great FellowsSC this summer Theyre some pretty great people that are fired up for LetsGo SemST,NONE,OTHER,POSITIVE
216,1889,Hillary Clinton,Federal govt social spending of budget Federal govt defense spending of budget Something is definitely wrong here SemST,NONE,OTHER,NEGATIVE
217,1890,Hillary Clinton,HillaryClinton literally the greatest video I have ever seen SemST,FAVOR,TARGET,POSITIVE
218,1891,Hillary Clinton,washingtonpost sir sory mae bi bharat mool ka hu par my hart is for democraet and SemST,NONE,OTHER,NEITHER
219,1892,Hillary Clinton,ChelseaClintons mom has got it going on POTUS ChelseasMom SemST,FAVOR,TARGET,POSITIVE
220,1893,Hillary Clinton,America needs a championH No thanksHillaryClinton we do not need a champion especially if youre that champion SemST,AGAINST,TARGET,NEGATIVE
221,1894,Hillary Clinton,Would that the rest of us were able to escape from Clinton as well ClintonCorrectional HillaryClinton escapeClinton SemST,AGAINST,TARGET,NEGATIVE
222,1895,Hillary Clinton,HillaryClinton Awesome video Vote for Chelseas mom SemST,FAVOR,TARGET,POSITIVE
223,1896,Hillary Clinton,Hilliary I provided all work related emails State Dept There are work related emails you did not provide Hillaredacted SemST,AGAINST,TARGET,NEGATIVE
224,1897,Hillary Clinton,CarlyFiorina on hannity very impressive A serious presidential candidate vs A bad actress SemST,AGAINST,TARGET,POSITIVE
225,1898,Hillary Clinton,LeighStorz jstines Totally agree Hillary is an incompetent scandal ridden phony SemST,AGAINST,TARGET,NEGATIVE
226,1899,Hillary Clinton,This Friday is officially Political Incorrectness day All day say whatever you want and offend everyone Yay tcot A PC SemST,NONE,OTHER,NEGATIVE
227,1900,Hillary Clinton,FoxNews report shows US State Department can not locate of Hillary Clintons Private Emails Not so fast Hillary SemST,AGAINST,TARGET,NEGATIVE
228,1901,Hillary Clinton,Callisto texasman AmyMek Hillarys new Campaign Slogan HILLARY NOTHING TO HIDE EXCEPT THE TRUTH TCOT CCOT SemST,AGAINST,TARGET,NEGATIVE
229,1902,Hillary Clinton,I really need my new HillaryClinton shirt to come in Meeting some people at the brewery same night as a Bernie meetup there SemST,FAVOR,TARGET,POSITIVE
230,1903,Hillary Clinton,Donald Trump is a joke His a simpleminded idiot and I have nothing else to say about him He can go FUCK him self SemST,NONE,OTHER,NEGATIVE
231,1904,Hillary Clinton,HillaryClinton cahillary stand on the right side SemST,FAVOR,TARGET,NEITHER
232,1905,Hillary Clinton,HillaryClinton said AllLivesMatter just like she said marriage was between a man and a woman Giver her a few more years SemST,AGAINST,TARGET,NEGATIVE
233,1906,Hillary Clinton,HillaryDebateQuestion So you profess admiration for MargaretSanger who wanted to rid the country of negros Explain please SemST,AGAINST,TARGET,NEGATIVE
234,1907,Hillary Clinton,RT mcirelli Hillary for the win SemST,FAVOR,TARGET,POSITIVE
235,1908,Hillary Clinton,Y did randpaul take donations from a WhiteSupremacy group after shaking hands with black leaders BlackLivesMatter gop SemST,NONE,OTHER,NEGATIVE
236,1909,Hillary Clinton,clairecmc RosieGray is that why she and ClintonGlobal take that Saudi money SaudiCables SaudiCables clinton SemST,AGAINST,TARGET,NEGATIVE
237,1910,Hillary Clinton,petefrt this is how GOP needs to be handling campaign not attacking each other but showing all hillary fails uniteright SemST,AGAINST,TARGET,POSITIVE
238,1911,Hillary Clinton,Molls HillaryClinton I love it One of our biggest donors is Saudi Arabia They support womens rights completely GoTeam SemST,AGAINST,TARGET,POSITIVE
239,1912,Hillary Clinton,HillaryClinton Did you feel same about BillClintons latest assault of teen girl hypocrite HillaryClinton HillaryNO SemST,AGAINST,TARGET,NEGATIVE
240,1913,Hillary Clinton,My vote is definitely for Hillary I do not want Bushs dumb ass Dont want Trump either HillaryClinton SemST,FAVOR,TARGET,NEITHER
241,1914,Hillary Clinton,Im in a better place now that I got some coffee now time to grow these grassroots sctweets SemST,NONE,OTHER,POSITIVE
242,1915,Hillary Clinton,SCOTUSScalia Right Words no longer have meaning Like ClintonsIt depends on what the meaning of is is More if we do not SemST,AGAINST,OTHER,NEGATIVE
243,1916,Hillary Clinton,tedcruz will not be there Im supporting HillaryClinton for President lgbtrights ACAWorks SemST,FAVOR,TARGET,POSITIVE
244,1917,Hillary Clinton,GideonHenry First SCOTUS reaffirms Obamacare then it legalize gay marriage Your world is crumbling SemST,NONE,OTHER,NEGATIVE
245,1918,Hillary Clinton,What a huge win for America Today is absolutely historic EqualityWins SCOTUSMarriage SemST,NONE,OTHER,POSITIVE
246,1919,Hillary Clinton,My sexy daddy Obama had two wins this week Happy for him democrats SemST,NONE,OTHER,POSITIVE
247,1920,Hillary Clinton,TODAYshow Hillarys emails missing and incomplete Whod of thunk it JUST TRUST ME SemST,AGAINST,TARGET,NEGATIVE
248,1921,Hillary Clinton,vacanti samglover Maybe a woman should be President SemST,FAVOR,OTHER,POSITIVE
249,1922,Hillary Clinton,Today LOVE won and Hate was defeated MorningJoe UnitedBlue SemST,NONE,OTHER,POSITIVE
250,1923,Hillary Clinton,Obama is riding high ObamaCare LoveWins Republicans tearing out their hair whatever is left of it Next is SCOTUS SemST,NONE,OTHER,POSITIVE
251,1924,Hillary Clinton,Thank you HillaryClinton for your support of the LGBT community On this historic day I thank you for giving us hope SemST,FAVOR,TARGET,POSITIVE
252,1925,Hillary Clinton,A Black PresidentHealthcare all Marriage Equalitywhats nexta Woman PresidentDamn RIGHT SCOTUS MarriageEquality SemST,FAVOR,TARGET,POSITIVE
253,1926,Hillary Clinton,RT muradguderian Democrats are Red Obama is a Communist Im a true Patriot So stop Hillary tcot SemST,AGAINST,TARGET,NEGATIVE
254,1927,Hillary Clinton,CBSThisMorning Emails missing and incomplete Whod of thunk it IM ABOVE THE LAW and the rest of you peons JUST TRUST ME SemST,AGAINST,TARGET,NEGATIVE
255,1928,Hillary Clinton,Whos monica Lewinskys favorite football player HaHa Clinton Dix SemST,AGAINST,OTHER,NEGATIVE
256,1929,Hillary Clinton,SCOTUS dealt a blow to Hillary Clintons last campaign promise What is she running on now Corruption lies and deceit SemST,AGAINST,TARGET,NEGATIVE
257,1930,Hillary Clinton,Do America a favor If you feel you must vote for a woman candidate Vote for Carly who at least has integrity unlike SemST,AGAINST,TARGET,NEGATIVE
258,1931,Hillary Clinton,Getting another HillaryClinton bumper sticker because LoveWins and just was not enough SemST,FAVOR,TARGET,POSITIVE
259,1932,Hillary Clinton,pamnsc TRPhrophet RamblingMother Thank you for RTs WakeUpAmerica dumpboehner ditchmitch SemST,NONE,OTHER,POSITIVE
260,1933,Hillary Clinton,gerfingerpoken he made a careless mistake she deliberately broke many laws still lies about it SemST,AGAINST,TARGET,NEGATIVE
261,1934,Hillary Clinton,Very excited to hear Sen Klobuchar speak today SemST,NONE,OTHER,POSITIVE
262,1935,Hillary Clinton,PolitiBunny Seja hubbit HillaryClinton Im voting in the Democrat primary this yearto support BernieSanders SemST,AGAINST,TARGET,POSITIVE
263,1936,Hillary Clinton,My liberty depends on you being free too President Obama SemST,NONE,OTHER,POSITIVE
264,1937,Hillary Clinton,NRO Does johnpodesta have any grasp on reality I need more than characters to address someone as naive as this man SemST,NONE,OTHER,NEGATIVE
265,1938,Hillary Clinton,JewboyDonny oh I know he will not he effed himself over in the beginning SemST,NONE,OTHER,NEGATIVE
266,1939,Hillary Clinton,I called everyone I knew and raised from exboyfriends Sen Klobuchar SemST,NONE,OTHER,NEGATIVE
267,1940,Hillary Clinton,Great that HillaryClinton attended ClementaPinckney s funeral today SemST,FAVOR,TARGET,POSITIVE
268,1941,Hillary Clinton,WonderWoman movie TheMuppets TV show StarWarsVII MarriageEquaility Obama I guess I can leave social media now Oh wait SemST,NONE,OTHER,NEITHER
269,1942,Hillary Clinton,politico Remember when millions of GWBushs emails went missing or deleted re Iraq War and nobody had a hearing Yawn SemST,NONE,OTHER,NEGATIVE
270,1943,Hillary Clinton,LoveWins on the day I get my Hillary gear Yaaas Pride SemST,FAVOR,TARGET,POSITIVE
271,1944,Hillary Clinton,thegirlwithfood though But there are people saying they just are not going to vote at all which is ridiculous so SemST,NONE,OTHER,NEGATIVE
272,1945,Hillary Clinton,RT ZerlinaMaxwell Huge cheer for universal child care and early childhood education SemST,NONE,OTHER,POSITIVE
273,1946,Hillary Clinton,Hillary stop pretending you were supporting the LGBT people when you opposed them until You are a lying conniving human SemST,AGAINST,TARGET,NEGATIVE
274,1947,Hillary Clinton,tedcruz IamTheWindowMan GET OUT OF MY STATE YOU BUM UniteBlue SemST,NONE,OTHER,NEGATIVE
275,1948,Hillary Clinton,Whatever is the GOP going to do now with both marriage equality and the ACA Going to be fun to watch SemST,NONE,OTHER,NEGATIVE
276,1949,Hillary Clinton,occupycorruptDC she aint no ways tired of being a dumbass SemST,NONE,OTHER,NEGATIVE
277,1950,Hillary Clinton,I AM A CROOKand I like it like it yes I do HillaryCampaignSlogan WakeUpAmerica StopHillary specialreport SemST,AGAINST,TARGET,NEGATIVE
278,1951,Hillary Clinton,HillaryClinton Pretty sure youre gon na lose out on a lot of hypocritical Christian votes by pretending to care about LGBT SemST,AGAINST,TARGET,NEGATIVE
279,1952,Hillary Clinton,Moving forward our next focus should be making higher education more attainable and eliminating the gender pay gap SemST,NONE,OTHER,POSITIVE
280,1953,Hillary Clinton,Lets shatter the glass ceiling GerryConnolly VAdems SemST,NONE,OTHER,POSITIVE
281,1954,Hillary Clinton,JerseyKidPicks thank you sir Its an honor to hear it USA for life Spread this for me RememberBenghazi SemST,NONE,OTHER,POSITIVE
282,1955,Hillary Clinton,Lets make Secretary Clinton President Clinton AGMarkHerring vademocrats SemST,FAVOR,TARGET,POSITIVE
283,1956,Hillary Clinton,I think Ill take JebBush over BobbyJindal now and that is scary to say badchristianvalues SemST,NONE,OTHER,NEGATIVE
284,1957,Hillary Clinton,kimkennedy thats why they still have no voting rights SemST,NONE,OTHER,NEGATIVE
285,1958,Hillary Clinton,LaneLewis Thanks for the follow TheHRCSuperVols for SemST,NONE,NO ONE,POSITIVE
286,1959,Hillary Clinton,Sen Kaine DVA on SCOTUSMarriage What a great victory SemST,NONE,OTHER,POSITIVE
287,1960,Hillary Clinton,I am having a really tough time seeing any leaders running for POTUS quess I will have to wait and see what happens SemST,NONE,OTHER,NEGATIVE
288,1961,Hillary Clinton,Hillary flew on private jet to speak to speak about Income Equality Dinner plates were EqualityForAll PJNET CCOT SemST,AGAINST,TARGET,NEGATIVE
289,1962,Hillary Clinton,Youre a idiot if you vote for Hillary her and Obama are The Epitome of whats wrong with this country Benghazi SemST,AGAINST,TARGET,NEGATIVE
290,1963,Hillary Clinton,Despite todays ruling our struggle to end LGBT discrimination is also far from finished HillaryClinton VirginiaJJ SemST,FAVOR,TARGET,POSITIVE
291,1964,Hillary Clinton,Jeanelynn Thank you so much for the follow and the FAV Jeane Gods best to you WakeUpAmerica SemST,NONE,OTHER,POSITIVE
292,1965,Hillary Clinton,My mom just told me she and my aunt want to volunteer on HillaryClintons campaign I support it SemST,FAVOR,TARGET,POSITIVE
293,1966,Hillary Clinton,Lets bring prosperity to the line workers to the kindergarten teachers amyklobuchar inspiredbyhillary SemST,FAVOR,TARGET,POSITIVE
294,1967,Hillary Clinton,You can not fix stupid might not be able to vote them out either SemST,NONE,OTHER,NEGATIVE
295,1968,Hillary Clinton,If I get killed Thank realDonaldTrump I was tweeting mad crap about him I do not take it back SemST,NONE,OTHER,NEGATIVE
296,1969,Hillary Clinton,Amazing turnout TheCenterLV Emotional crowd RT if agree love wins FellowsNV SemST,NONE,OTHER,POSITIVE
297,1970,Hillary Clinton,megynkelly anytime a liberal throws around words like truth is or reality is you know theyre about to LIE SemST,NONE,OTHER,NEGATIVE
298,1971,Hillary Clinton,BuffaloBill AramisFraino pamnsc Thank you so much for FAVs and RTs WakeUpAmerica SemST,NONE,OTHER,POSITIVE
299,1972,Hillary Clinton,therealjenappel IM HIGH ON HASHTAGS RIGHT NOW I CANT HELP MYSELF mypresident SemST,NONE,OTHER,POSITIVE
300,1973,Hillary Clinton,realDonaldTrump WHY IS IT THAT YOUR CLOTHING LINE IS MADE IN CHINA Can U say Lier pants on fire morningjoe unitedblue SemST,NONE,OTHER,NEGATIVE
301,1974,Hillary Clinton,SLOWLY SLOWLY THE DEBT CRISIS WILL IMPLODE NATIONS CURRENCY AmericaDeadBrokeSAVE THE DOLLAR NOW SemST,NONE,OTHER,NEGATIVE
302,1975,Hillary Clinton,AmericaDeadBrokeSLOWLY SLOWLY China wants the yuan to replace the US dollar as the worlds new global currency SemST,NONE,OTHER,NEGATIVE
303,1976,Hillary Clinton,HRCSnowShovel it must be hard work burying the HillaryClinton antiLGBT rights record LoveWins FeelTheBern SemST,AGAINST,TARGET,NEGATIVE
304,1977,Hillary Clinton,HillaryClinton Weve all been waiting for your rainbowstriped pantsuit fashionista LoveWins SemST,FAVOR,TARGET,NEGATIVE
305,1978,Hillary Clinton,JebBush you are set to lose if ur campaign is based on critics instead of proposing bushfail SemST,NONE,OTHER,NEGATIVE
306,1979,Hillary Clinton,I always joke about anything political bc if I were serious Id end up offending people and not realize it SemST,NONE,NO ONE,NEGATIVE
307,1980,Hillary Clinton,My dad told me hes voting for Hillary Im so proud LOL SemST,FAVOR,TARGET,POSITIVE
308,1981,Hillary Clinton,dedicatedtoit i think the main problem is having your foot in your mouth in the first place SemST,NONE,OTHER,NEGATIVE
309,1982,Hillary Clinton,Well Strung is what should happed the next time these Hillaryloving ass douches encounter some trees RedEye SemST,AGAINST,TARGET,NEGATIVE
310,1983,Hillary Clinton,I am just full of myself tonight tofunny funny funnier hilarious HilaryDuff QuotesOfTheDay quotestoliveby quotes SemST,NONE,OTHER,POSITIVE
311,1984,Hillary Clinton,If I ever meet Hillary Clinton I will have died and then come back to life bc I will be so happy idol SemST,FAVOR,TARGET,POSITIVE
312,1985,Hillary Clinton,ARForHillary HillaryClinton HillaryIn So proud of you Soon we will show who we really are Keep up the good work SemST,FAVOR,TARGET,POSITIVE
313,1986,Hillary Clinton,HillaryClinton Id ask HillaryClinton to stop lying about Benghazi ClintonFoundation ties to terrorist muslim ISIS SemST,AGAINST,TARGET,NEGATIVE
314,1987,Hillary Clinton,HillaryClinton You FlipFlopped on the Gay marriage issue must be more votes available with your current view SemST,AGAINST,TARGET,NEGATIVE
315,1988,Hillary Clinton,HillaryClinton More lies and hypocrisy As senator of NY you clearly said you were opposed to gay marriage SemST,AGAINST,TARGET,NEGATIVE
316,1989,Hillary Clinton,HillaryClinton You have proven your dishonesty once again in flip flopping on this issue People know you were opposed before SemST,AGAINST,TARGET,NEGATIVE
317,1990,Hillary Clinton,LaureneDiCillo NBCNews dll And why are major media outlets not exposing Hillarys blatant flip flopping on this issue SemST,AGAINST,TARGET,NEGATIVE
318,1991,Hillary Clinton,WHOS READY FOR A DAY OF ACTION I know I am FellowsSC SemST,NONE,NO ONE,POSITIVE
319,1992,Hillary Clinton,DRUDGEREPORT We have not even had the elections yet SemST,NONE,NO ONE,NEGATIVE
320,1993,Hillary Clinton,commit cards collected for Hillary in Greenville SC so far FellowsSC SemST,FAVOR,TARGET,POSITIVE
321,1994,Hillary Clinton,Headed to Chester SC for a big hillary canvass Join me Wylie park SemST,FAVOR,TARGET,POSITIVE
322,1995,Hillary Clinton,Save an intern Keep Bill Hillary out of the White House SemST,AGAINST,TARGET,NEGATIVE
323,1996,Hillary Clinton,HillaryClinton Where are the LGBT pride condoms BillClinton used when he assaulted MonicaLewinsky HillaryClinton tlot SemST,AGAINST,TARGET,NEGATIVE
324,1997,Hillary Clinton,Fox News predicting way marriagegee we have the Mormons for that morningjoe unitedblue SemST,NONE,OTHER,NEGATIVE
325,1998,Hillary Clinton,philadper LouiseKatina Hillarys New Campaign slogan is HILLARY NOTHING TO HIDE BUT THE TRUTH tcot WakeUpAmerica SemST,AGAINST,TARGET,NEGATIVE
326,1999,Hillary Clinton,Madam President Clinton you have all the gays vote jarrid SemST,FAVOR,TARGET,POSITIVE
327,2000,Hillary Clinton,debaterlife took me a minute to realize where this came from SemST,NONE,NO ONE,NEITHER
328,2001,Hillary Clinton,gerfingerpoken jjauthor one can only hope SemST,NONE,NO ONE,POSITIVE
329,2002,Hillary Clinton,ReCorwin She did not even answer with a complete sentence LOL Legend SemST,NONE,OTHER,NEGATIVE
330,2003,Hillary Clinton,Gay marriage is a minor setback for Fox News Tune in for a full collapse on November Lots of tears and broken hearts SemST,NONE,OTHER,NEGATIVE
331,2004,Hillary Clinton,HillaryClinton So whats your goal for setting up victims for BillClinton to assault HillaryClinton ChelseasMom tlot SemST,AGAINST,TARGET,NEGATIVE
332,2005,Hillary Clinton,Thanks ChefsHillary for amazing noms for canvassing FITN SemST,FAVOR,TARGET,POSITIVE
333,2006,Hillary Clinton,LindaSuhler and the sheeple will still vote for her SemST,AGAINST,OTHER,NEGATIVE
334,2007,Hillary Clinton,One of Hillary Clintons biggest idols is Margaret Sanger who called for the extermination of colored people SemST,AGAINST,TARGET,NEGATIVE
335,2008,Hillary Clinton,foxnation That should have been done BEFORE she got rid of it NoHillary SemST,AGAINST,TARGET,NEGATIVE
336,2009,Hillary Clinton,GREG CarmineZozzora AshBell perfect definition of JIBBERISH UniteBlue SemST,NONE,OTHER,NEGATIVE
337,2010,Hillary Clinton,I need JamesCarville HillaryClinton to stop emailing me I love you but I need my space stillvotingforyou SemST,FAVOR,TARGET,NEITHER
338,2011,Hillary Clinton,nytimes this will cost them the election SemST,NONE,OTHER,NEGATIVE
339,2012,Hillary Clinton,HillaryClinton Next up for legalization Your pet goat or your pedophile neighbor dating the year old next door SemST,AGAINST,TARGET,NEGATIVE
340,2013,Hillary Clinton,HillaryClinton Will pervert BillClinton be there if winner is teen girl HillaryClinton Democrats liberals tlot GOP SemST,AGAINST,TARGET,NEGATIVE
341,2014,Hillary Clinton,When you fav supports the wrong candidate ladygaga Bernie SemST,NONE,OTHER,NEGATIVE
342,2015,Hillary Clinton,koolkat Haha I LOVE your header SemST,NONE,OTHER,POSITIVE
343,2016,Hillary Clinton,I hate Hillary Clinton and Obama please go die together thrown into the ocean get ripped into prices by sharks SemST,AGAINST,TARGET,NEGATIVE
344,2017,Hillary Clinton,RagingDRTR CrimsonHotMess Im for CHANGE and EQUALITY SemST,NONE,OTHER,POSITIVE
345,2018,Hillary Clinton,Theblacksphere Hillary took a HypocriticalOath with a vow to do harm to all that cross her Are you ReadyForHillary GOP SemST,AGAINST,TARGET,NEGATIVE
346,2019,Hillary Clinton,lbush HillaryClinton just defending my girl Hillary SemST,FAVOR,TARGET,POSITIVE
347,2020,Hillary Clinton,larryelder The more Republicans talk about social policy the betterfor SemST,NONE,OTHER,NEGATIVE
348,2021,Hillary Clinton,The only Intelligent Choice for USA is Hillary ClintonYou can not afford to stay HOME you must VOTE and VOTE UniteBlue SemST,FAVOR,TARGET,POSITIVE
349,2022,Hillary Clinton,fuzislippers KLSouth gdebenedetti Yeah shes a real forward thinker Lol MakeAmericaGreatAgain WhyImNotVotingForHillary SemST,AGAINST,TARGET,NEGATIVE
350,2023,Hillary Clinton,LibtardLimbaugh MexTex NRO Thanks so much for this article SemST,NONE,NO ONE,POSITIVE
351,2024,Hillary Clinton,I got it I got it A Hillary accomplishment Shes managed to stay out of prison despite a year crime spree tcot ocra SemST,AGAINST,TARGET,NEGATIVE
352,2025,Hillary Clinton,JebBush Here are my thoughts on the ruling keep your archaic nonscience based beliefs out of the laws of our secular nation SemST,NONE,OTHER,NEGATIVE
353,2026,Hillary Clinton,Reince Facts confirm what we knew Used server to prevent emails from becoming public records Like Obama no transparency SemST,AGAINST,TARGET,NEGATIVE
354,2027,Hillary Clinton,Republican candidates continuing to spread hatred and alienating the voters Hillary wins LoveWins MikeHuckabee Rubio SemST,FAVOR,TARGET,NEGATIVE
355,2028,Hillary Clinton,Hillary Clinton might end up having my vote Shes been tackling so many issues that America needs to face SemST,FAVOR,TARGET,POSITIVE
356,2029,Hillary Clinton,Apple and Walmart MADE IN CHINA Why does our country continue to sell us out to China in every way possible AppleMusic SemST,NONE,OTHER,NEGATIVE
357,2030,Hillary Clinton,if Hillary wins the election theres a chance we might move to Australia HILLARYPRES SemST,AGAINST,TARGET,NEGATIVE
358,2031,Hillary Clinton,ghostseven WE HAVE A TROLL morningjoe unitedblue SemST,NONE,NO ONE,NEGATIVE
359,2032,Hillary Clinton,Dick Morris HillaryClinton is fundamentally corrupt He should know copolitics wcs SemST,AGAINST,TARGET,NEGATIVE
360,2033,Hillary Clinton,WestonMartinez crazytas Cruz needs to autograph bomb SemST,NONE,OTHER,NEITHER
361,2034,Hillary Clinton,CidEloisa DiggingLamb Thank you so much for RTs and FAVs Eloisa and Thomas WakeUpAmerica SemST,NONE,NO ONE,POSITIVE
362,2035,Hillary Clinton,My how times have changed MartinOMalley has focused his attacks on BernieSanders not HillaryClinton SemST,NONE,OTHER,NEITHER
363,2036,Hillary Clinton,moserkristen I love how you pay more attention to the democratic candidate than you own republican candidates KnowTheEnemy SemST,NONE,OTHER,NEGATIVE
364,2037,Hillary Clinton,I bet that HillaryClinton is thee best choice for President in shes the next best one for the people Vote SemST,FAVOR,TARGET,POSITIVE
365,2038,Hillary Clinton,Cant wait to get my YaaasHillary shirt HillaryClinton SemST,FAVOR,TARGET,POSITIVE
366,2039,Hillary Clinton,realDonaldTrump WhoopiGoldberg Univision VoteForHillary HillaryClinton is not racist A leader who demands EqualityForAll SemST,FAVOR,TARGET,NEGATIVE
367,2040,Hillary Clinton,dhz I love a good sale Money well spent birds with stone LoveWins SemST,NONE,OTHER,POSITIVE
368,2041,Hillary Clinton,H stands for Holding Back emails belonging to WeThePeople obstructingjustice WakeUpAmerica HillaryLiesMatter UniteBIue SemST,AGAINST,TARGET,NEGATIVE
369,2042,Hillary Clinton,Bernie or Hillary Prefer Bernie but Hillary fine Either way Dems got ta stand together in FeeltheBern SemST,FAVOR,TARGET,POSITIVE
370,2043,Hillary Clinton,HillaryClinton might want to book smaller venues for her rallies if not many empty seats will be seen on TV thats bad lol SemST,AGAINST,TARGET,NEGATIVE
371,2044,Hillary Clinton,WNTonight i love bernie because he aint SemST,NONE,OTHER,POSITIVE
372,2045,Hillary Clinton,Night sleep tight do not let Hillary bite says TonyTickets Nightmares is all I say SemST,AGAINST,TARGET,NEGATIVE
373,2046,Hillary Clinton,foxandfriends How could we support it if it was secret NoHillary SemST,AGAINST,TARGET,NEGATIVE
374,2047,Hillary Clinton,Why is HRC so popular This deceptive socialist accomplished nothing Is only wife of an impeached President who enabled UBL SemST,AGAINST,TARGET,NEGATIVE
375,2048,Hillary Clinton,is going to be a great year Rush Limbaughs contract is over and he will be dropped by so many Liberal victory stoprush SemST,NONE,OTHER,NEGATIVE
376,2049,Hillary Clinton,HillaryClinton R U desperate or what rd Hillary tweet on my timeline day NOT gon na vote U SemST,AGAINST,TARGET,NEGATIVE
377,2050,Hillary Clinton,awj not at all I think the statute of limitations has expired plus I can always have a driver ala SemST,NONE,OTHER,NEITHER
378,2051,Hillary Clinton,Never vote for RickSantorum for the survival of our country LoveWins SemST,NONE,OTHER,NEGATIVE
379,2052,Hillary Clinton,voxdotcom wgn WGNTV now mentions ROMNEY Hillary CARE ROMNEY CARE Obamacare now PUBLIC OPTION for ALL SemST,NONE,NO ONE,NEGATIVE
380,2053,Hillary Clinton,BDabs lets go shoot your now today SemST,NONE,NO ONE,NEGATIVE
381,2054,Hillary Clinton,I guarantee Hillary could care less about black rights If Obama did blacks would not be in the same predicament still SemST,AGAINST,TARGET,NEGATIVE
382,2055,Hillary Clinton,Hillary LIES yet people still desire her as the President of the United States sad SemST,AGAINST,TARGET,NEGATIVE
383,2056,Hillary Clinton,leete hahaha He is some kind of special this is why Hillarys going to win Hahaha SemST,FAVOR,TARGET,NEGATIVE
384,2057,Hillary Clinton,realDonaldTrump MalachiNorris lol That is one of the funniest things Ive heard in a while SemST,NONE,OTHER,POSITIVE
385,2058,Hillary Clinton,Remember back when CrackerBarrel gave in PoliticalCorrectness over DuckDynasty Wakeup NASCAR b its to late tcot SemST,NONE,OTHER,NEGATIVE
386,2059,Hillary Clinton,Will the media ever get real with Hillary Benghazi Clinton SemST,AGAINST,TARGET,NEGATIVE
387,2060,Hillary Clinton,Last week Life Obamacare gay marriage Today Death air pollution lethal injection Elections matter yall SCOTUS SemST,NONE,OTHER,NEGATIVE
388,2061,Hillary Clinton,Do you know what would REALLY PISS HillaryClinton OFF VP JoeBiden runs against her LMAO WakeUpAmerica No longer is SemST,AGAINST,TARGET,NEGATIVE
389,2062,Hillary Clinton,Is there a Govt restart button Someone needs to push that thing RememberBenghazi PatriotsWillRise SemST,NONE,OTHER,NEGATIVE
390,2063,Hillary Clinton,Bad punning gets worse not better over time Remember that America SemST,NONE,OTHER,NEGATIVE
391,2064,Hillary Clinton,Putin the last thing the US needs right now is another Clinton or Bush in the White house Were a dynasty now Jeb SemST,AGAINST,TARGET,NEGATIVE
392,2065,Hillary Clinton,Hillarys New Campaign slogan is HILLARY NOTHING TO HIDE BUT THE TRUTH tcot WakeUpAmerica SemST,AGAINST,TARGET,NEGATIVE
393,2066,Hillary Clinton,GOP Of course HillaryClinton is silent That insures she doesnt have stand ANYTHING less chance of offending voters SemST,AGAINST,TARGET,NEGATIVE
394,2067,Hillary Clinton,Dont you someday want to see a well qualified candidate by the president of the United States ReflectingHillary SemST,FAVOR,TARGET,POSITIVE
395,2068,Hillary Clinton,Its Monday nightdo you know where your Hillary supporters are In Rock Hill at our Amazing Phone bank Come joinHillaryforSC SemST,FAVOR,TARGET,POSITIVE
396,2069,Hillary Clinton,Casually hangin with HillaryClinton on a conference call while taking a break at ACUHOI SemST,FAVOR,TARGET,POSITIVE
397,2070,Hillary Clinton,Our Queen City is currently infested w outofstate plate Priuses driven by millennials w Hillary bumper stickers MHT SemST,AGAINST,TARGET,NEGATIVE
398,2071,Hillary Clinton,Gwen being a good leader and training a new volunteer in rock hill FellowsSC HillaryForSC SemST,FAVOR,TARGET,POSITIVE
399,2072,Hillary Clinton,DemocRATSlogans Why work When you can VOTE DemocRAT twice tcot SemST,AGAINST,OTHER,NEGATIVE
400,2073,Hillary Clinton,HillaryClinton Yes I can and will SemST,FAVOR,TARGET,POSITIVE
401,2074,Hillary Clinton,HillaryClinton Yes I am chipping in because we have faith in you SemST,FAVOR,TARGET,POSITIVE
402,2075,Hillary Clinton,AndreaTantaros coffeesplez WTF This just keeps getting crazier SemST,NONE,OTHER,NEGATIVE
403,2076,Hillary Clinton,Apparently BernieSanders fans do not like to see Hillarys name even implied SheWhoShallNotBeNamedBecauseShesWinning SemST,FAVOR,TARGET,NEGATIVE
404,2077,Hillary Clinton,Fantastic Emmet County Dem meeting tonight in Estherville Glad to meet some HillaryClinton supporters SemST,FAVOR,TARGET,POSITIVE
405,2078,Hillary Clinton,Gay Rights are Human Rights and Human Rights are GayRights HillaryClinton HillaryForAmerica SemST,FAVOR,TARGET,POSITIVE
406,2079,Hillary Clinton,I think its funny people think Bernie can take on Hillary and Bill SemST,FAVOR,TARGET,NEGATIVE
407,2080,Hillary Clinton,As much as BernieSanderss poll numbers have jumped I still have Hillary winning the Dem nomination SemST,FAVOR,TARGET,POSITIVE
408,2081,Hillary Clinton,PhilGlutting megadreamin Thank you so much for RT and FAV WakeUpAmerica Rubio Cruz SemST,AGAINST,OTHER,POSITIVE
409,2082,Hillary Clinton,marcorubio will not let our enemies take advantage of us like Obama is doing Hillary will do TeamMarco NewAmericanCentury SemST,AGAINST,TARGET,POSITIVE
410,2083,Hillary Clinton,Just think how many emails Hillary Clinton can delete with todays leapsecond SemST,AGAINST,TARGET,NEGATIVE
411,2084,Hillary Clinton,The kind of Gov that Liberals promise you can only be achieved and sustained with a Conservative Government HeatWave tcot SemST,AGAINST,TARGET,POSITIVE
412,2085,Hillary Clinton,TIMENOUT Is there anything about the Clintons that is not fraudulent SemST,AGAINST,TARGET,NEGATIVE
413,2086,Hillary Clinton,HillaryClinton since trickle down economics has failed when was the last time a poor person created jobs SemST,AGAINST,TARGET,NEGATIVE
414,2087,Hillary Clinton,petefrt That woman is so corrupt she can not even have a truthful thought SemST,AGAINST,OTHER,NEGATIVE
415,2088,Hillary Clinton,Its official Every single GOP member is now a candidate for POTUS Who needs leadership when you have a soapbox SemST,AGAINST,OTHER,NEGATIVE
416,2089,Hillary Clinton,So glad ChrisChristie has announced his candidacy fits right in with all the other qualifies republicans on the list SemST,AGAINST,OTHER,NEGATIVE
417,2090,Hillary Clinton,Hillary claims to be a champion of the middle class but RandPaul tax plan cuts the FICA tax benefiting the middle class SemST,AGAINST,TARGET,NEGATIVE
418,2091,Hillary Clinton,It is offensive when the mexican flag flies on US soil California state capital Lovewins univision foxnews DonaldTrump SemST,AGAINST,OTHER,NEGATIVE
419,2092,Hillary Clinton,Can anyone name the jobs HillaryClinton has been responsible for creating Even her security is an entitlement SemST,AGAINST,TARGET,NEGATIVE
420,2093,Hillary Clinton,LeahR DrMartyFox With continued Obamas TheDemocrats Admin policymaking USA will become Greece WakeUpAmerica NJ SemST,AGAINST,TARGET,NEGATIVE
421,2094,Hillary Clinton,johnpodesta HillaryClinton awesome every true chef needs this Go Hillary SemST,AGAINST,OTHER,POSITIVE
422,2095,Hillary Clinton,CorrectRecord is quite obsessed with emails and transparency Why did Hillary Clinton destroy her emails clintonemail SemST,AGAINST,TARGET,NEGATIVE
423,2096,Hillary Clinton,LoganRTW I agree with her previous stance and Im sure she still believes in what was said before SemST,AGAINST,TARGET,POSITIVE
424,2097,Hillary Clinton,HillaryClinton Hahahaha how much are you going to charge them NoHillary SemST,AGAINST,TARGET,NEGATIVE
425,2098,Hillary Clinton,AskBobby Do you think HillaryClinton has turned over all of those emails on her private server she destroyed SemST,AGAINST,TARGET,NEGATIVE
426,2099,Hillary Clinton,FoxNews we just have to hang in there long enough that this idiot doesnt completely destroy the country SemST,AGAINST,OTHER,NEGATIVE
427,2100,Hillary Clinton,AskBobby would you blame an obscure film maker for the death of USAmbassador in Benghazi like SemST,AGAINST,TARGET,NEGATIVE
428,2101,Hillary Clinton,I feel confident that HillaryClinton will win in SemST,AGAINST,OTHER,POSITIVE
429,2102,Hillary Clinton,asphaultangel Afterall theyre just a poor black family trying to pay the bills crousselle WhyImNotVotingForHillary TCOT SemST,AGAINST,TARGET,NEGATIVE
430,2103,Hillary Clinton,Great day in Emmetsburg meeting with HillaryClinton supporters and learning more about important issues in Palo Alto county SemST,AGAINST,TARGET,POSITIVE
431,2104,Hillary Clinton,Is a Eric Holder making figures in the financial industry he protected from prosecution yet Why do Libs love ers SemST,AGAINST,OTHER,NEGATIVE
432,2105,Hillary Clinton,Fashion News Hillary has a new clothing line coming out called Flip Flops R US tcot Benghazi SemST,AGAINST,OTHER,NEGATIVE
433,2106,Hillary Clinton,JamiUSA Im just hoping we do not have to resurrect the no H for Hillarys second term SemST,AGAINST,TARGET,NEGATIVE
434,2107,Hillary Clinton,U Missouri at KC got Chelsea caus Hils cost too much Chels could arrive w mom no xtra charge HillaryClinton SemST,AGAINST,OTHER,NEGATIVE
435,2108,Hillary Clinton,GovChristie can not even run NJ and wants to be president Id vote for him before HillaryClinton SemST,AGAINST,TARGET,NEGATIVE
436,2109,Hillary Clinton,RT HillaryHaikus Ready because one day girls will say I want to be President too ReadyForHillary haiku SemST,AGAINST,TARGET,POSITIVE
437,2110,Hillary Clinton,PhxKen Shocked she did not burst into flames WakeUpAmerica makeAmericaGreatAgain SemST,AGAINST,OTHER,NEGATIVE
438,2111,Hillary Clinton,so AdamParkhomenko met oliviawilde there are not enough words to describe my envy haha SemST,AGAINST,OTHER,POSITIVE
439,2112,Hillary Clinton,robin CConstitution Thank you so much for RTs WakeUpAmerica SemST,AGAINST,OTHER,POSITIVE
440,2113,Hillary Clinton,Republican donors have numerous candidates to put their money on Dems basically have one Were gon na get killed financially SemST,AGAINST,TARGET,NEGATIVE
441,2114,Hillary Clinton,Can DavidCornDC help Cuckold Conservatives win in More cuckoldry please Christie DonaldTrump UniteBlue p SemST,AGAINST,TARGET,POSITIVE
442,2115,Hillary Clinton,Chris Christie for President HAHAHAHAHA I do not think so HillaryClinton Clinton Hilary SemST,AGAINST,TARGET,NEGATIVE
443,2116,Hillary Clinton,megynkelly Hahahaha combed through emails Bunch of scumbags NoHillary SemST,AGAINST,TARGET,NEGATIVE
444,2117,Hillary Clinton,Loved talking with Yvette today about education and womens voices in politics Cant wait to see her on caucus day FellowsIA SemST,AGAINST,OTHER,POSITIVE
445,2118,Hillary Clinton,BENGHAZI WAIT DID I SAY THANK GOD VOTERS SRY MT I MEANT THANK GOODNESS NO OFFENSE INTENDED tcot SemST,AGAINST,OTHER,NEGATIVE
446,2119,Hillary Clinton,pikester Exactly what I do not want to see happen in America SemST,AGAINST,OTHER,NEGATIVE
447,2120,Hillary Clinton,Lawrence TheLastWord There is no enthusiasm gap Mr Lawrence TheHRCSuperVols JWHillary kimfrederi Hillarymen SemST,AGAINST,TARGET,NEGATIVE
448,2121,Hillary Clinton,HlLLARY ToniforAsm Hillary for Prez Obamas third term and thats the last thing we need SemST,AGAINST,OTHER,NEGATIVE
449,2122,Hillary Clinton,businessinsider One thing thats painful is the mindless minutiae her strap hanging clingons force her to endure huma SemST,AGAINST,OTHER,NEGATIVE
450,2123,Hillary Clinton,The guy in the multicolored shirt looks chi as fuck SemST,AGAINST,TARGET,POSITIVE
451,2124,Hillary Clinton,Insurgent What will happen if Hillary becomes dictator in chief SemST,AGAINST,TARGET,NEGATIVE
452,2125,Hillary Clinton,How can we expect u to make good financial decisions for the US if u can not manage ur own multimillion salary so ur not broke SemST,AGAINST,OTHER,NEGATIVE
453,2126,Hillary Clinton,liarsneverwin HillaryClinton shhh go get me an iced tea SemST,AGAINST,TARGET,NEGATIVE
454,2127,Hillary Clinton,FoxNews GovChristie HillaryClinton Actually she should be disqualified from runningHow many scams and ethics problems now SemST,AGAINST,OTHER,NEGATIVE
455,2128,Hillary Clinton,Christie you can not claim Bridgegate was not your fault when you were the man behind the wheel GOP TeaParty TCOT DEM SemST,AGAINST,OTHER,NEGATIVE
456,2129,Hillary Clinton,Debber andersonDrLJA She will be a CenterHitler SemST,AGAINST,OTHER,NEGATIVE
457,2130,Hillary Clinton,HillaryforNV MissLynnetteH hours left lets chip in Nevada raisethenewPOTUS SemST,AGAINST,TARGET,POSITIVE
458,2131,Hillary Clinton,How anyone can believe a single word that comes out of that womans mouth is beyond me SemST,AGAINST,OTHER,NEGATIVE
459,2132,Hillary Clinton,RT Waitingforahero nd tweetPOTUS candidates guncontrol Read articleesp JebBush make GunViolence worse GunSen SemST,AGAINST,OTHER,NEGATIVE
460,2133,Hillary Clinton,HillaryIn hey I just checked your blog Kudos Keep it up SemST,AGAINST,TARGET,POSITIVE
461,2134,Hillary Clinton,The owner of Univisin donated as much as million to the Clinton Foundation his wife sits on its board Univision Trump SemST,AGAINST,TARGET,NEGATIVE
462,2135,Hillary Clinton,Hillary had just enough time to doctor her email inbox to her advantage before releasing them hahaha justkidding SemST,AGAINST,TARGET,NEGATIVE
463,2136,Hillary Clinton,davelevinthal Operating a shredder now hillaryclinton is WAY more adept at using THAT WakeUpAmerica TCOT OhHillNO SemST,AGAINST,OTHER,NEGATIVE
464,2137,Hillary Clinton,theblaze gee what a busy schedule she had SemST,AGAINST,OTHER,NEITHER
465,2138,Hillary Clinton,So youre used to the AP calling for your approval before running a story davidaxelrod LikeHillary HillaryEmails SemST,AGAINST,TARGET,NEGATIVE
466,2139,Hillary Clinton,White middleaged men did a pretty good job leading this Country for yrs Racist Sexist No Im a realist SemST,AGAINST,TARGET,NEGATIVE
467,2140,Hillary Clinton,Its more than mistakeswith HillaryClinton lying and coverups are a way of life NormanSie ntoom tcot uniteblue SemST,AGAINST,TARGET,NEGATIVE
468,2141,Hillary Clinton,Hillary can not use a fucking fax machine but you idiots are going to vote for her to be President SemST,AGAINST,TARGET,NEGATIVE
469,2142,Hillary Clinton,gerfingerpoken hillary is most likely a felon many times over but has been protected by the political class SemST,AGAINST,OTHER,NEGATIVE
470,2143,Hillary Clinton,HillaryClinton you have my support Now lets see how many people unfollow me election SemST,AGAINST,TARGET,POSITIVE
471,2144,Hillary Clinton,Hillarys still very weak among grassroots as shown by how strong BernieSanders got how fast on how little AaronBlakeWP SemST,AGAINST,OTHER,NEGATIVE
472,2145,Hillary Clinton,Now that Hillary is raising money like an incumbent president can we stop pretending that she will not be the nominee SemST,AGAINST,TARGET,NEGATIVE
473,2146,Hillary Clinton,All Americans have value to our society its called a vote LiberalLogic InternationalJokeDay SemST,AGAINST,OTHER,POSITIVE
474,2147,Hillary Clinton,Free market capitalism is Americas best friend because of constant pressure to innovate use resources efficiently SemST,AGAINST,OTHER,POSITIVE
475,2148,Hillary Clinton,Thank you for your kind RTs and FAVs pamnsc WakeUpAmerica todosmarchamos Cuba SemST,AGAINST,TARGET,POSITIVE
476,2149,Hillary Clinton,Hillarys campaign raised million of all donations were or less This is a record Beating Obamas record in SemST,AGAINST,TARGET,POSITIVE
477,2150,Hillary Clinton,Win with the Blacks Put some of your focus on the racial tension between Blacks and Whites SemST,AGAINST,TARGET,NEGATIVE
478,2151,Hillary Clinton,NewtGingrich on HillaryClinton Shes very formidable shes a very competent person SemST,AGAINST,TARGET,POSITIVE
479,2152,Hillary Clinton,WashTimes BretBaier Why is there no outrage about all the smoke mirrors w this candidate Are you hiding Hill SpillHill SemST,AGAINST,OTHER,NEGATIVE
480,2153,Hillary Clinton,Im really excited for after finding out the amount HillaryClinton raised We got this SemST,AGAINST,OTHER,POSITIVE
481,2154,Hillary Clinton,docdebags awelab BuzzFeedAndrew BuzzFeedNews It will Otherwise were guaranteed GOP in control of all branches SemST,AGAINST,OTHER,NEGATIVE
482,2155,Hillary Clinton,DavidLimbaugh agree put it back But I have a feeling it will not go away It will keep coming back SemST,AGAINST,TARGET,NEGATIVE
483,2156,Hillary Clinton,of lear jets and fax machinesLOL HillaryClinton woman of the people HA BestTheyveGot SlushFund UraniumDeal SniperFire SemST,AGAINST,TARGET,NEGATIVE
484,2157,Hillary Clinton,FoxNews brithume ok So where are these emails coming from Didnt HillaryClinton already say the server was erased LIES SemST,AGAINST,TARGET,NEGATIVE
485,2158,Hillary Clinton,I dreamt about Hilary Clinton last night Does this mean her plans to control us and take over the world are coming true SemST,AGAINST,TARGET,NEGATIVE
486,2159,Hillary Clinton,CoachDLG Retired Im glad that you will now slice all round SemST,AGAINST,TARGET,POSITIVE
487,2160,Hillary Clinton,Obama administration lies again Knew of HillaryEmails being private transparency SemST,AGAINST,TARGET,NEGATIVE
488,2161,Hillary Clinton,Dude why can not Hillary run a fax machine SemST,AGAINST,TARGET,NEGATIVE
489,2162,Hillary Clinton,jimlibertarian peddoc Callisto MaydnUSA chardtop surfermom SMolloyDVM Thats right SemST,AGAINST,TARGET,POSITIVE
490,2163,Hillary Clinton,If a man demanded staff to get him an ice tea hed be called a sexists elitist pig Oink oink Hillary SemST,AGAINST,TARGET,NEGATIVE
491,2164,Hillary Clinton,HillaryClinton will be the nominee for the Democratic Party Period And shes gon na win the Presidency too SorryBernie SemST,AGAINST,OTHER,POSITIVE
492,2165,Hillary Clinton,RNRNewYork in her Emails HillaryClinton said there were a couple of Facebooks on her TotalIncompetence RedNationRising SemST,AGAINST,OTHER,NEGATIVE
493,2166,Hillary Clinton,DrMartyFox BossHoggUSMC JohnFromCranber seanhannity SheriffClarke Fine they can leave USA never come back OiP Cruz SemST,AGAINST,OTHER,NEGATIVE
494,2167,Hillary Clinton,My birthday is on July th if anyone needs a gift idea ChillaryClinton SemST,AGAINST,OTHER,NEITHER
495,2168,Hillary Clinton,LOOKING FORWARD TO CUBA EXPANDING MAJOR EXPORTS OF PICK UP TRUCKS CONVERTED INTO RAFTS SO EXCITING tcot SemST,AGAINST,TARGET,POSITIVE
496,2169,Hillary Clinton,POTUS I want you to President for a rd term Please make it happen LOL Im fine with SemST,AGAINST,TARGET,POSITIVE
497,2170,Hillary Clinton,AskPOTUS Would you fire the GOP congress for not doing their job if you could GOPFail SemST,AGAINST,OTHER,NEGATIVE
498,2171,Hillary Clinton,jhewitt SpeakerBoehner HouseBenghazi TGowdySC What her emails They released the rest all very boring SemST,AGAINST,OTHER,NEGATIVE
499,2172,Hillary Clinton,hey transparent HillaryClinton sowho is Santa LibHack PayPlay Corruptocrat tcot Benghazi VinceFoster Monica SemST,AGAINST,TARGET,NEGATIVE
500,2173,Hillary Clinton,Take it easy Ed BernieSanders is a side show Democrats are having some fun before getting back to reality in Nov SemST,AGAINST,OTHER,NEGATIVE
501,2174,Hillary Clinton,The KoolAid drinking leftanistas continue to close ranks with support for Madame Secretary WTF Hillary is a fraud full of lies SemST,AGAINST,OTHER,NEGATIVE
502,2175,Hillary Clinton,Trumps inauguration speech God ForbidMemememeChinamemedid i mention me yetwheres my hairspray China SemST,AGAINST,OTHER,NEGATIVE
503,2176,Hillary Clinton,KCA VoteJKTID RfWheels davidjones rratkinson Right I mean what the heck is an ArabDonorGroup HillaryEmails D SemST,AGAINST,TARGET,NEGATIVE
504,2177,Hillary Clinton,HillaryClinton is opening more offices in Iowa this week Shes not playing around iacaucus SemST,AGAINST,TARGET,POSITIVE
505,2178,Hillary Clinton,Obama give Americans OVERTIME Pay Republicans give Americans Welfare Checks tcot UniteBlue SemST,AGAINST,OTHER,NEGATIVE
506,2179,Hillary Clinton,Make sure to make it to the Brew House in Pella IA tomorrow to meet with HillaryClinton supporters SemST,AGAINST,TARGET,POSITIVE
507,2180,Hillary Clinton,Univision ignores Latino candidate Marco Rubio because he doesnt fit their narrativeTheyre invested with Hillary rubio SemST,AGAINST,TARGET,NEGATIVE
508,2181,Hillary Clinton,Overheard at the Davenport open house Oh I know you from Facebook DigitalOrganizing SemST,AGAINST,TARGET,NEITHER
509,2182,Hillary Clinton,TODAYshow ChrisChristie is not qualified bc he eats in snacks bc of D corruption of Bridgegate A BIG FAT BULLY SemST,AGAINST,TARGET,NEGATIVE
510,2183,Hillary Clinton,AutumnNAlston JonathanDKF sarahbabb McCollumMike HillaryClinton HillaryforSC Inaugural tweet from our new account Go SemST,AGAINST,OTHER,POSITIVE
511,2184,Hillary Clinton,hughhewitt like I tweeted you way back when ACA software can be fixed but GOP strategic mistake of repeal can not be fixed SemST,AGAINST,OTHER,NEGATIVE
512,2185,Hillary Clinton,msnbc Lawrence JoeBiden SenSanders we love Joe and Berniebut they ARE too OLDthey would end up a OneTerm President SemST,AGAINST,OTHER,NEGATIVE
513,2186,Hillary Clinton,HER NAME IS RIO AND SHE DANCES IN THE SANAAAAAND WHOOOO tcOT SemST,AGAINST,OTHER,POSITIVE
514,2187,Hillary Clinton,RobBently JonahNRO BernieSanders Hillary campaign will shortly announce that Sanders was born in Canada Yeah thats it SemST,AGAINST,OTHER,NEGATIVE
515,2188,Hillary Clinton,Bill Clinton Decided against taking out Bin Laden And we Got September SemST,AGAINST,TARGET,NEGATIVE
516,2189,Hillary Clinton,politico YAWNzzzzzzzzzzzzzz could keep the zs going for the full amt of Tweet characters but you get the point SemST,AGAINST,OTHER,NEGATIVE
517,2190,Hillary Clinton,The Democrats are not creating Al QAEDA they are creating A NUCLEAR ISIS THINK ABOUT THAT SemST,AGAINST,OTHER,NEGATIVE
518,2191,Hillary Clinton,Kind of scares me that there are still thousands of emails that have not been released from Hillarys private emails SemST,AGAINST,TARGET,NEGATIVE
519,2192,Hillary Clinton,TheDonald can not keep a beauty pageant afloat and wants to be the President Aw hell no SemST,AGAINST,TARGET,NEGATIVE
520,2193,Hillary Clinton,You know emailgate must be going nowhere when Fox News are hashing out the Bosnia sniper fire story again SemST,AGAINST,TARGET,NEGATIVE
521,2194,Hillary Clinton,BIG BOOTY BITCHES BIG BIG BOOTY BITCHES SemST,AGAINST,OTHER,NEGATIVE
522,2195,Hillary Clinton,maddow I love Bern but its not his time SemST,AGAINST,OTHER,NEITHER
523,2196,Hillary Clinton,Its whats best for business and presidential seat for HillaryClinton SemST,AGAINST,OTHER,POSITIVE
524,2197,Hillary Clinton,Its great that JebBush supports GMO crops Its like the IT scepticism all over again Science vs belief JebBush SemST,AGAINST,OTHER,POSITIVE
525,2198,Hillary Clinton,Folks this is what happens when Liberals are in control All hell breaks loose Had enough yet SemST,AGAINST,TARGET,NEGATIVE
526,2199,Hillary Clinton,If you need me Ill be screaming like a little baby from now until about ten minutes after HillaryClinton arrives in PTown SemST,AGAINST,TARGET,NEGATIVE
527,2200,Hillary Clinton,The biggest dumps of bad info is b a holiday weekend What comes out of WH and state dept today HillaryEmails LiarLiar SemST,AGAINST,TARGET,NEGATIVE
528,2201,Hillary Clinton,Leader of free world Global navigating Interacting with the international community Beyond big crowds Learned lesson SemST,AGAINST,TARGET,POSITIVE
529,2202,Hillary Clinton,Those are not pantsuits They are camouflage outfits carefully tailored to minimize silhouette Think stealthsuitsVery high tech SemST,AGAINST,OTHER,POSITIVE
530,2203,Hillary Clinton,Just ordered my Chillary Clinton Koozies Got ta support the team SemST,AGAINST,TARGET,POSITIVE
531,2204,Hillary Clinton,We can not expect change if we continue to vote for the same people You have to take a chance yrs is not that long Bernie SemST,AGAINST,TARGET,NEGATIVE
532,2205,Hillary Clinton,realDonaldTrump not good when only AnnCoulter defends you Your big mouth giant ego are your downfall stupidisasstupiddoes SemST,AGAINST,OTHER,NEGATIVE
533,2206,Hillary Clinton,Hillary must have been at the Navy Yard under sniper fire SemST,AGAINST,OTHER,NEGATIVE
534,2207,Hillary Clinton,JWHillary MrDane I choose it takes a village SemST,AGAINST,TARGET,POSITIVE
535,2208,Hillary Clinton,mizerello meetthepress at least he did not lose an embassy cover up a murder or burn govt emails SemST,AGAINST,TARGET,NEGATIVE
536,2209,Hillary Clinton,HILLARY has been lying for so long that her first fib was in morse code HillNo SemST,AGAINST,TARGET,NEGATIVE
537,2210,Hillary Clinton,EVERYDAY AMERICANS AND THEIR FAMILIES NEED A CHAMPION AND HILLARY WILL BE THAT CHAMPION SemST,FAVOR,TARGET,POSITIVE
538,2211,Hillary Clinton,INeedMeninist because HillaryClinton is running for presidentdo I need to say more SemST,AGAINST,OTHER,NEGATIVE
539,2212,Hillary Clinton,Cruz Perry tedcruz GovernorPerry Its the only winwin choice SemST,AGAINST,OTHER,POSITIVE
540,2213,Hillary Clinton,CPC thinks they can run antisocial personal attack advertising on socialmedia LOL cdnpoli StopHarper FeelTheBern fnpoli SemST,NONE,OTHER,NEGATIVE
541,2214,Hillary Clinton,CBSThisMorning Bernie Sanders had record crowds in Madison wis why no mention from you guys you talked about trump Trump SemST,NONE,OTHER,NEITHER
542,2215,Hillary Clinton,Was asked by HillaryClinton to help with her campaign Gladly excitedly accepted SemST,FAVOR,TARGET,POSITIVE
543,2216,Hillary Clinton,HillaryforIA come on Iowa For better USA and the ROW SemST,FAVOR,TARGET,POSITIVE
544,2217,Hillary Clinton,Pundits say Jim Webb facing uphill battle with Hillary Really its with Bernie for the antiHillary vote JimWebb SemST,AGAINST,TARGET,NEGATIVE
545,2218,Hillary Clinton,Exciting to hear more about our Fellows all across the country on tonights call Special shoutout to the FellowsIA SemST,NONE,OTHER,POSITIVE
546,2219,Hillary Clinton,AnitaFinlay politico Hillarys doing the right thing staying focus on her campaign SemST,FAVOR,TARGET,POSITIVE
547,2220,Hillary Clinton,chicagotribune ayyylmao do Democrats other liberals realize no one wants HillaryClinton which is Obamanation SemST,AGAINST,TARGET,NEGATIVE
548,2221,Hillary Clinton,betheljd Thanks for the follow David may God bless you and your family freeallfour SemST,NONE,OTHER,POSITIVE
549,2222,Hillary Clinton,NetworkCitizen ProudInfidel YoungBLKRepub HillaryClinton can not even manage billclinton and she wants to be POTUS lol SemST,AGAINST,TARGET,NEGATIVE
550,2223,Hillary Clinton,sunbeltgirl Ts bobwilsonn HillaryClinton can not even manage billclinton and she wants to be POTUS lol StopHillary SemST,AGAINST,TARGET,NEGATIVE
551,2224,Hillary Clinton,WoodenThreat ProudInfidel HillaryClinton can not even manage billclinton and she wants to be POTUS lol SemST,AGAINST,TARGET,NEGATIVE
552,2225,Hillary Clinton,kinsouls sunbeltgirl ChristiChat HillaryClinton can not even manage billclinton and she wants to be POTUS lol SemST,AGAINST,TARGET,NEGATIVE
553,2226,Hillary Clinton,RedStateJake HillaryClinton can not even manage billclinton and she wants to be POTUS lol WakeUpAmerica StopHillary SemST,AGAINST,TARGET,NEGATIVE
554,2227,Hillary Clinton,gerfingerpoken Why is this woman like teflon She has committed enuf egregious crimes she should B superglued the dang wall SemST,AGAINST,TARGET,NEGATIVE
555,2228,Hillary Clinton,Babbsgirl HillaryClinton can not even manage billclinton and she wants to be POTUS lol WakeUpAmerica StopHillary SemST,AGAINST,TARGET,NEGATIVE
556,2229,Hillary Clinton,ResistTyranny HillaryClinton can not even manage billclinton and she wants to be POTUS lol WakeUpAmerica StopHillary SemST,AGAINST,TARGET,NEGATIVE
557,2230,Hillary Clinton,weknowwhatsbest HillaryClinton can not even manage billclinton and she wants to be POTUS lol WakeUpAmerica StopHillary SemST,AGAINST,TARGET,NEGATIVE
558,2231,Hillary Clinton,randyprine fabiaceae They know theyre going to lose to HRC so they keep trying SemST,FAVOR,TARGET,NEGATIVE
559,2232,Hillary Clinton,realDonaldTrump HillaryClinton can not even manage billclinton and she wants to be POTUS lol WakeUpAmerica StopHillary SemST,AGAINST,TARGET,NEGATIVE
560,2233,Hillary Clinton,If you support HillaryClinton you are supporting another term of the policies of George W Bush democrats mepolitics SemST,AGAINST,TARGET,NEGATIVE
561,2234,Hillary Clinton,ShyBuffy welcome little sister Love you SemST,NONE,OTHER,POSITIVE
562,2235,Hillary Clinton,politico anniekarni HillaryClinton can not even manage billclinton she wants to be POTUS WakeUpAmerica StopHillary SemST,AGAINST,TARGET,NEGATIVE
563,2236,Hillary Clinton,oreillyfactor HillaryClinton can not even manage billclinton and she wants to be POTUS lol WakeUpAmerica StopHillary SemST,AGAINST,TARGET,NEGATIVE
564,2237,Hillary Clinton,FoxNews HillaryClinton can not even manage billclinton and she wants to be POTUS lol WakeUpAmerica StopHillary SemST,AGAINST,TARGET,NEGATIVE
565,2238,Hillary Clinton,politico HillaryClinton can not even manage billclinton and she wants to be POTUS lol WakeUpAmerica StopHillary SemST,AGAINST,TARGET,NEGATIVE
566,2239,Hillary Clinton,Another Hillary supporter committed to caucus tonight One more step on the way to winning the Iowa caucus SemST,FAVOR,TARGET,POSITIVE
567,2240,Hillary Clinton,TIMENOUT HillaryClinton can not even manage billclinton and she wants to be POTUS lol WakeUpAmerica StopHillary SemST,AGAINST,TARGET,NEGATIVE
568,2241,Hillary Clinton,So thankful for all of the volunteers who joined us at Bliss Studio in Fairfield tonight Rockstars SemST,NONE,OTHER,POSITIVE
569,2242,Hillary Clinton,The most revealing part about Hillarys released emails is that theyre pretty much as boring as mine nofriends SemST,AGAINST,TARGET,NEGATIVE
570,2243,Hillary Clinton,FrankCraig skzdalimit if youre the best your side has to offer we have nothing to worry about slick SemST,NONE,OTHER,NEGATIVE
571,2244,Hillary Clinton,RAM joanwalsh Salon BreeNewsome chrislhayes Without the blacks and minority voters NO Wont happen SemST,NONE,OTHER,NEGATIVE
572,2245,Hillary Clinton,popcornreel joanwalsh SenSanders BernieSanders He is what he is and it doesnt resonate with minority and black voters SemST,NONE,OTHER,NEGATIVE
573,2246,Hillary Clinton,awadgolf Crossbearer ScottSaxman This is why Im not voting for Hillary SemST,AGAINST,TARGET,NEGATIVE
574,2247,Hillary Clinton,foxnewspolitics NOT EVEN A LITTLE BIT Nobama WeMissYouGipper SemST,NONE,OTHER,NEGATIVE
575,2248,Hillary Clinton,Putin NothingMoreAmericanThan voting based for a politician to lead the country when she can not even handle email think SemST,AGAINST,TARGET,NEGATIVE
576,2249,Hillary Clinton,Putin NothingMoreAmericanThan voting for a politician to lead the country when she can not even handle email think SemST,AGAINST,TARGET,NEGATIVE
577,2250,Hillary Clinton,people that are surprising Trump Fiorina Why Cause theyre being honest wwhat they think Obama built that SemST,NONE,OTHER,POSITIVE
578,2251,Hillary Clinton,So were to believe that Santa is a hairstylist Um okay You often need code for that Lies SemST,NONE,OTHER,NEGATIVE
579,2252,Hillary Clinton,Jimmy Fallon music playing Thank you DonaldTrump for driving Latinos and Gays out to vote by the millions Love SemST,NONE,OTHER,NEGATIVE
580,2253,Hillary Clinton,oreillyfactor Who gives a rate ass what a Old Queen has to say about Clarence Thomas SemST,NONE,OTHER,NEGATIVE
581,2254,Hillary Clinton,So excited to hear HillaryClinton speak here at dartmouth in Hanover HillaryinNH HillaryforNH SemST,FAVOR,TARGET,POSITIVE
582,2255,Hillary Clinton,HillaryInNH is like Adolph Hitler in a Synagogue tcot uniteblue ctot SemST,AGAINST,TARGET,NEGATIVE
583,2256,Hillary Clinton,Ered welcome TwitterPROUD to be UNITEBLUE WarOnWomen worldpeace tngov TN socialjustice AllLivesMatter unity SemST,NONE,OTHER,POSITIVE
584,2257,Hillary Clinton,Volunteer with your local campaign this weekend Help build Team Hillary march w us in Bethesda AdamParkhomenko MD SemST,FAVOR,TARGET,POSITIVE
585,2258,Hillary Clinton,Didnt think about that Dont think Id ever vote for someone with dual citizenship Cant believe its legal Bernie SemST,NONE,OTHER,NEGATIVE
586,2259,Hillary Clinton,Clinton entitlement is the proverbial American hemorrhoid tcot Opinionated SemST,AGAINST,TARGET,NEGATIVE
587,2260,Hillary Clinton,Norman Hsu illegally donated to HillaryClinton there is evidence he worked for China White House for sale SemST,AGAINST,TARGET,NEGATIVE
588,2261,Hillary Clinton,kryptickaos I would have to agree but I would be surprised if he gets the nom Jeb bush has the money and hes a moderate SemST,NONE,OTHER,NEITHER
589,2262,Hillary Clinton,HillaryClinton lied about the cost of the gala she was fined for it but if it were GOP theyd be in jail Unfit for office SemST,AGAINST,TARGET,NEGATIVE
590,2263,Hillary Clinton,Fabulous HillaryClinton You hit on every subject and I am proud of you ending on a note of kindness HillaryInNH SemST,FAVOR,TARGET,POSITIVE
591,2264,Hillary Clinton,SOCIALMEDIA is NOT for sociopaths psychopaths If you insult people u do not know you are the above Resign feelthebern SemST,NONE,OTHER,NEGATIVE
592,2265,Hillary Clinton,ZekeJMiller BretBaier danmericaCNN How could anyone vote for that woman SemST,AGAINST,TARGET,NEGATIVE
593,2266,Hillary Clinton,RedHatGeek Hillarys nose from lying is now bigger than Bills cigars SemST,AGAINST,TARGET,NEGATIVE
594,2267,Hillary Clinton,DemocratGuide Reuters bur Hlllary just raised million SemST,AGAINST,OTHER,POSITIVE
595,2268,Hillary Clinton,Hopefully Hillary Clinton gets cancer and dies before she gets the opportunity to embarrass our country any further julyth SemST,AGAINST,TARGET,NEGATIVE
596,2269,Hillary Clinton,JOELH wonderfullone Bipartisanism I hear the Peter Gunn theme Shes going to kick some serious GOP ass SemST,AGAINST,TARGET,POSITIVE
597,2270,Hillary Clinton,At least the few mistakes made by GOP candidates on the campaign are not felonies like the onesHillaryClinton makesOhHillNo SemST,AGAINST,TARGET,NEGATIVE
598,2271,Hillary Clinton,Great comments by MittRomney about pathological liar HillaryClinton SemST,AGAINST,TARGET,POSITIVE
599,2272,Hillary Clinton,I wish Bernies fans would stop screaming Bernie SemST,AGAINST,OTHER,NEGATIVE
600,2273,Hillary Clinton,realDonaldTrump is the only honest voice of the GOP and that should scare the shit out of everyone SemST,AGAINST,TARGET,POSITIVE
601,2274,Hillary Clinton,frodofied SO THt will NEVER erase their support of DOMA silence on LGBT LGBTQ rights until it is politically aventageous SemST,AGAINST,OTHER,NEGATIVE
602,2275,Hillary Clinton,roughcountry vendettajane Fortunately Bryan he does not have a saying on that freeallfour SemST,AGAINST,OTHER,NEGATIVE
603,2276,Hillary Clinton,anthonyweiner super out of touch and stupid Please go away NYCPride NYC SemST,AGAINST,OTHER,NEGATIVE
604,2277,Hillary Clinton,clantro jjauthor CarmineZozzora Why not they lie about everything else even when confronted with the truth freeallfour SemST,AGAINST,OTHER,NEGATIVE
605,2278,Hillary Clinton,over the river and through the woods and UP WITH HILL WE GO Yass HillaryClinton Hillary SemST,AGAINST,TARGET,POSITIVE
606,2279,Hillary Clinton,I am a big HILLARY Clinton supporter My plan is working poor Donnie doesnt even know Trump SemST,AGAINST,TARGET,POSITIVE
607,2280,Hillary Clinton,greta What Bernie has done is work for DECADES on behalf of the American people not the corporatocracy who own corrupted SemST,AGAINST,OTHER,POSITIVE
608,2281,Hillary Clinton,TrucksHorsesDog CommonCore another brilliant idea supported by a bush nomorebushes SemST,AGAINST,OTHER,NEGATIVE
609,2282,Hillary Clinton,Do we breathe live or ignore collectively succumb to toxins of political ecological unwanton oligards p bernie SemST,AGAINST,OTHER,NEGATIVE
610,2283,Hillary Clinton,Shes NOT a WOMAN shes a POLITICIAN WhyImNotVotingForHillary StopHillaryClinton Benghazi savetheUSA SemST,AGAINST,TARGET,NEGATIVE
611,2284,Hillary Clinton,HillaryClinton I wish u were in Benghazi instead of those great people chronic liar and power hungry animal SemST,AGAINST,TARGET,NEGATIVE
612,2285,Hillary Clinton,YAAAS Hillary TsarRhys wins best dressed here at the Merrimack th of July parade HillaryforNH SemST,AGAINST,OTHER,POSITIVE
613,2286,Hillary Clinton,The Dukes of Hazzard has been on tv for years yet you were not offended until the liberals told you to be unitedblue SemST,AGAINST,OTHER,NEGATIVE
614,2287,Hillary Clinton,HillaryClinton The spatula seems appropriate given that it can be used to easily flip positions if the heat gets to high SemST,AGAINST,OTHER,NEGATIVE
615,2288,Hillary Clinton,Why does the shit barometer always rise when Republicans speak USA July SemST,AGAINST,TARGET,NEGATIVE
616,2289,Hillary Clinton,Bascgal The guy w the Benghazi sign has guts Loveit NoHillary SemST,AGAINST,TARGET,POSITIVE
617,2290,Hillary Clinton,vendettajane Thanks for the follow may God bless you and your family freeallfour SemST,AGAINST,OTHER,POSITIVE
618,2291,Hillary Clinton,MyOTRadventure Compassion the new frontier Hillary will go where shes never gone before Shell need a village a committee SemST,AGAINST,OTHER,NEGATIVE
619,2292,Hillary Clinton,Since SNL aint that funny anymore please JoeBiden run for president if even just for the hilarious debates between you SemST,AGAINST,OTHER,NEGATIVE
620,2293,Hillary Clinton,I support Bernie on account USA needs a new direction but if he loses in primary Ill support Hillary Clinton Sanders SemST,AGAINST,TARGET,POSITIVE
621,2294,Hillary Clinton,HillaryClinton Your treatment of the press Amb Stevens fam and the intel of the American ppl is enough to send you to jail SemST,AGAINST,TARGET,NEGATIVE
622,2295,Hillary Clinton,Hilly Barrys Bloody Benghazi Bamboozle HillaryIceCreamFlavors tcot WakeUpAmerica SemST,AGAINST,TARGET,NEGATIVE
623,2296,Hillary Clinton,NumbersMuncher HillaryClinton Shes the animal Shes also a sellout Ppl that vote for her are sellouts NoHillary SemST,AGAINST,TARGET,NEGATIVE
624,2297,Hillary Clinton,redsteeze Broke as in Dead broke Elitist Nauseating Get behind the rope Hateful Arrogant Z Ideologue Someone else add Z SemST,AGAINST,TARGET,NEGATIVE
625,2298,Hillary Clinton,redsteeze maggieNYT By that time the guy with Benghazi sign will be arrested SemST,AGAINST,TARGET,NEGATIVE
626,2299,Hillary Clinton,adamplevy maggieNYT danmericaCNN The people came to see hear Hillary not the Press obstructing their view SemST,AGAINST,TARGET,NEGATIVE
627,2300,Hillary Clinton,PoliticalShort She would have to have a conscious to be haunted jlconnell killary Marxism SemST,AGAINST,OTHER,NEGATIVE
628,2301,Hillary Clinton,theblaze Heaven forbid anyone invade the space of the Queen of Lies SemST,AGAINST,OTHER,NEGATIVE
629,2302,Hillary Clinton,TarekFatah anniekarni And Abedins penumbra the Muslim Brotherhood Her connection is incontrovertible HumaAbedin SemST,AGAINST,TARGET,POSITIVE
630,2303,Hillary Clinton,Leftest Hippocratic Domecrats will not vote for FineLady MichellBachmann but will vote for EmailScandal Benghazi Killary SemST,AGAINST,TARGET,NEGATIVE
631,2304,Hillary Clinton,Support independent BernieSanders because hes not a liar POTUS libcrib democrats tlot republicans WakeUpAmerica SemST,AGAINST,OTHER,POSITIVE
632,2305,Hillary Clinton,Babbsgirl DrMartyFox She is as bad or worse possibly than Obama and she will continue to break laws as if she is invincible SemST,AGAINST,TARGET,NEGATIVE
633,2306,Hillary Clinton,nytimes was that awkwardness or awfulness I think the latter SemST,AGAINST,OTHER,NEGATIVE
634,2307,Hillary Clinton,Todays number is Thats how many years old Jesus was when he learned to ride a bike Pretty cool dude USWNT proudmom SemST,AGAINST,OTHER,POSITIVE
635,2308,Hillary Clinton,JessieJaneDuff Results matter U may feel less safe but that is ur mental health issues No s on Obamas watch SemST,AGAINST,OTHER,NEGATIVE
636,2309,Hillary Clinton,Grateful for the chance to tell the world about my love of many flavors of ice cream WakeUpAmerica SemST,AGAINST,OTHER,POSITIVE
637,2310,Hillary Clinton,If you can not dazzle them with brilliance baffle them with bullshit HillaryClinton libstardsareidiots SemST,AGAINST,OTHER,NEGATIVE
638,2311,Hillary Clinton,akawhit ITS TIME TO ROPE OFF KILLARY FoxNews DELETE HER OFF YOUR BALLOT SHE IS A CLONE OF SODOM INSANE OBAMMAD WakeUpAmerica SemST,AGAINST,TARGET,NEGATIVE
